design_id,design_label,w_cost,w_gwp,w_profit,b,c,r_cruise,r_hover,V_cruise,V_climb,c_charge,TOC_flight,GWP_flight,GWP_annual_ops,Annual_Profit,FoM,FoM_energy_rating,FoM_cost_rating,FoM_co2_rating,FoM_time_rating,Cost_Rating_Norm,GWP_Rating_Norm,Profit_Rating_Norm,Profit_Utility,Utility,Utility_Norm_star_at_design_scenario,AR,CL_cruise,CL_climb,Gamma_deg,SPL_hover,MTOM,m_battery,m_empty,P_req_total_hover,P_req_total_climb,P_req_total_cruise,E_total_req,E_trip,E_hover,E_climb,E_reserve,C_rate_hover,C_rate_climb,C_rate_cruise,C_rate_avg,DOD,n_battery_lifecycle,RPM_hover,FC_a
0,scenario_0,0.0,0.0,1.0,11.49729023904989,1.14972902390499,1.114471261320292,1.6653817065083154,77.86895043312471,52.45781695920256,3.999999999999999,124.83316707620564,57.626604076742595,321580.0796288223,1407149.6814692805,-0.43999357099117575,0.578998164666186,-0.37635538062733154,-0.50363176135502,1.6190165437394948,0.26098985041567496,-0.00013061228950100954,0.9999999534736658,0.8545715419464461,0.8545715419464461,0.9999999534736658,9.999999999999991,0.47330094028176306,1.0389384242357933,5.000000000000003,77.00000232707029,2368.6128702664514,860.8725287026869,1114.9403415637653,601246.2025978923,281235.671459312,200668.32259289298,137739.60459242994,70850.16372813228,10020.770043298206,20571.868560449675,66889.44086429766,2.7936596072078403,1.3067471063718434,0.9323950568862733,1.060687633370075,0.32920164770457555,870.6001453628795,832.7836453044105,5580.4100342363945
1,scenario_1,0.0,0.05,0.95,11.263119702701161,1.1263119702701165,1.1098209658653455,1.626353283783526,76.13535405902893,52.4578169592025,3.999999999999999,121.19921769960294,54.07320192128023,297036.87614016025,1405130.199323531,-0.4082672930527405,0.6033029237990555,-0.3348914037109857,-0.4082672930527405,1.6139494744820828,0.3818877603432384,0.0964785835894362,0.9975614030770601,0.8520373096547036,0.7890220795193313,0.9525072621026789,9.999999999999996,0.49692617331229605,1.0427697268920877,5.000000000000007,77.00000086835048,2281.492788775696,804.0120068782132,1084.6807818974828,582021.1528184806,270206.8292277935,184165.29511441247,128641.92110051414,67253.48939570998,9700.352546974676,19765.129174996007,61388.431704804156,2.8955843835135235,1.3442925076551635,0.9162315663890759,1.0522435993455819,0.33458947787030807,875.3990154153313,857.0230315963023,5493.236309042445
2,scenario_2,0.0,0.1,0.9,11.055042349130836,1.1055042349130826,1.1074034448999186,1.5916737248551391,74.40043985752726,52.4578169592026,4.0,118.10440030487528,50.961259593170084,275484.1834815514,1399483.442616252,-0.324750507582404,0.6244898607388739,-0.29957901387927593,-0.324750507582404,1.6086421496362704,0.4848492812271181,0.1810854568863962,0.9907428724765031,0.8449512389898456,0.7279810643326207,0.9097771309174923,10.000000000000009,0.5220569199608015,1.0461468753932803,4.999999999999997,77.0000140223756,2205.0922854136197,754.4183011090813,1057.8739843045448,565081.5358031734,260490.2488448987,169766.19177779483,120706.92817745302,64118.197584854744,9418.025596719557,19054.379313654626,56588.73059259828,2.9961178564859243,1.3811449083986862,0.9001170386679064,1.043388106232838,0.3399609871106978,880.6677965590644,879.6664240345611,5405.756955004155
3,scenario_3,0.0,0.15000000000000002,0.85,10.867924734992112,1.0867924734992118,1.1056813206656497,1.5604874558320192,72.64948308074851,52.4578169592026,4.0,115.45225066355827,48.205335714099334,256316.69325219776,1390655.2606855533,-0.25078837104091245,0.6431256830748125,-0.26931753797256647,-0.25078837104091245,1.603028737400948,0.5730836827613855,0.2560129709172258,0.980082730422896,0.8338728227863434,0.6711736437122551,0.8714722664970455,9.999999999999995,0.5490992482876665,1.0491551226035842,4.999999999999997,77.00000932702815,2137.205268206045,710.6908837226379,1033.7143844834086,549963.7711363098,251868.98155214055,157050.3473898266,113710.5413956221,61360.42559901324,9166.06285227183,18423.74957649917,52350.115796608865,3.0953754085352507,1.4176007449699477,0.8839305582038042,1.034012965728959,0.345356480598732,886.5055449593351,900.9802666982486,5317.185109390888
4,scenario_4,0.0,0.2,0.8,10.70108742545408,1.0701087425454074,1.106019671478846,1.5326812375756798,70.89671737209983,52.457816959202546,4.0,113.21434457039788,45.777293255842885,239334.61210562458,1379092.5228266318,-0.18562575563273412,0.659409589015155,-0.24378265100215368,-0.18562575563273412,1.597131823925469,0.6475366102070037,0.32202610964724143,0.9661205772783052,0.8193628338148106,0.6183651159253017,0.8373016837520926,10.000000000000005,0.578045159653568,1.0518112761014782,5.0000000000000036,77.00001504158439,2077.336888343353,672.3539392263816,1012.1829491169752,536578.8716358942,244217.111742939,145877.8039454624,107576.63027622107,58950.6956277336,8942.98119393157,17864.029470085352,48625.93464848747,3.192240516971095,1.4529080443787572,0.8678631621512389,1.0242022841738427,0.3507122792829203,892.8922166496236,920.794061037252,5228.238610964107
5,scenario_5,0.0,0.25,0.75,10.57060081407875,1.057060081407874,1.1086664004028342,1.510933469013125,69.36648816139001,52.45781695920261,3.8858252734305747,110.90986666038242,43.13393141789584,220727.99613006905,1361614.259758859,-0.11468450407221209,0.6719164806017456,-0.21748816834360862,-0.11468450407221209,1.591739944198933,0.7242043163090552,0.3938933091390211,0.9450153521464045,0.7974294986956325,0.5694009980036714,0.8072348413945587,10.000000000000009,0.6050104619961265,1.0538677137113406,4.9999999999999964,77.0000021257772,2030.9476595790493,642.7692661778276,995.3783934012218,526172.0373199247,238218.4221634622,137229.55690080838,102843.08258845244,57099.89695484963,8769.533955332077,17425.23643603103,45743.1856336028,3.2744069451158517,1.4824506067628753,0.8539895363500011,1.0152944268429769,0.35533682121666627,930.7217259279937,936.8529045187721,5117.2705309790335
6,scenario_6,0.0,0.30000000000000004,0.7,10.468269041600786,1.046826904160078,1.1151002192598756,1.4938781736001308,68.03710484622253,52.45781695920253,3.6691546846833445,108.61848503650796,40.31768921089726,200937.9676975801,1337537.6847253614,-0.03910357376067749,0.6816385079808478,-0.1913431165246171,-0.03910357376067749,1.5868588832127128,0.8004363218940728,0.47046074595452964,0.9159425813272036,0.7672159936874928,0.5253201234530417,0.7822980307154014,10.000000000000007,0.6298389739167004,1.055467779693507,5.000000000000004,77.00001449921687,1994.8397708073678,619.6656660399118,982.3741047674582,518050.21015780454,233407.69307397617,130455.89296127218,99146.50656638591,55661.208912628514,8634.170169296744,17073.3405118927,43485.29765375739,3.3440627005752974,1.5066685528382504,0.8421050260536441,1.0073260881098496,0.3592983246487853,1003.2654669891688,949.809195599675,4983.8661795941825
7,scenario_7,0.0,0.35000000000000003,0.6499999999999999,10.37571435784413,1.0375714357844132,1.119706949170479,1.4784523929740216,66.72901581759682,52.45781695920259,3.455004200465464,106.73964674556979,37.79711776257795,183243.81090216918,1310207.6043653172,0.02854228940664562,0.6901697301598115,-0.16990525389873815,0.02854228940664562,1.581866173663392,0.8629434178731192,0.5389895445885956,0.8829411614129323,0.7329196903851245,0.4863876000426568,0.7625580955244144,9.999999999999998,0.6556655948974073,1.0569042238858122,4.999999999999998,77.00003865446983,1962.3882476661188,599.1710461365816,970.4172015295375,510734.3479073538,229151.1138893563,124405.88523151021,95867.36738185308,54398.73897134968,8512.239131789229,16761.9796270918,41468.6284105034,3.4096063299489363,1.5297876315413348,0.8305200061563172,0.999199347631433,0.3631599979478944,1085.3807772132973,961.8126903573468,4848.089530350238
8,scenario_8,0.0,0.4,0.6,10.291265063232652,1.0291265063232653,1.1292792342034783,1.4643775105387753,65.40533258748971,52.457816959202574,3.234674464920538,105.21513769296514,35.454615214799155,166800.203470215,1278604.6515148121,0.09140922655369996,0.6979021919711598,-0.1525103478020948,0.09140922655369996,1.5766106531934763,0.91366232973035,0.6026770411297305,0.8447801935778293,0.6932613929365763,0.4525205263834257,0.7479389325985898,10.0,0.6833128428370925,1.0582047323186472,5.0,77.00006135083063,1932.9495273056461,580.4319437745518,959.7175835311011,504083.7873113954,225126.49337808485,118843.91871527358,92869.11100392832,53254.47143217045,8401.396455189923,16467.586089693243,39614.63957175786,3.473852827832568,1.5514411003232254,0.8190032956658516,0.9907750741599213,0.36699890144471614,1182.8447943347478,973.0090527241011,4704.611866739164
9,scenario_9,0.0,0.45,0.55,10.24719179407748,1.0247191794077481,1.139410700064413,1.45703196567958,64.64151953116166,52.45781695920259,2.9958738523865476,104.20395158696653,33.58700374479385,153638.21572637395,1247823.990139476,0.1415312693285405,0.7019883208363364,-0.14097254333315823,0.1415312693285405,1.5734800941033633,0.9473034936800013,0.6534532928563004,0.8076121531657882,0.6546349826052197,0.42373831163071407,0.7382406660265187,9.999999999999998,0.7000000286908277,1.0588756730033693,4.999999999999998,77.00000087112767,1917.6440043224372,570.4626471611231,954.3813571613142,500619.6700845903,222880.50250612083,115872.68067178383,91274.02354577971,52649.7966551851,8343.661168076505,16303.29601665143,38624.22689059461,3.510271339067666,1.56280523266702,0.8124821581109158,0.9858496895958259,0.369172613963028,1302.2267994606223,978.9455999890793,4574.335266514764
10,scenario_10,0.0,0.5,0.5,10.322827351781722,1.0322827351781718,1.1530145538957084,1.46963789196362,64.0470421006709,52.45781695920259,2.748489985325681,103.61767058668977,31.941535925560956,141836.75208366415,1213921.8063087761,0.1856915295029866,0.704389641858152,-0.13428297797529015,0.1856915295029866,1.5709918998656738,0.9668084840411949,0.6981899468869707,0.7666748346556155,0.612091398248615,0.3988914638758008,0.7324323907712931,10.000000000000004,0.7000001921446943,1.039489515478195,4.999999999999998,76.64027372956939,1910.4282321594628,565.0592747519072,952.5689574075558,493526.82069251547,221178.91942247457,114345.12099076864,90409.4839603052,52294.44363004897,8225.447011541924,16178.828365162492,38115.04033025622,3.493628670437814,1.5657041963930913,0.8094380614562784,0.9812579796568799,0.3701873128479071,1450.6286071141387,960.4116217943335,4440.511327138794
11,scenario_11,0.0,0.55,0.44999999999999996,10.619552252471582,1.0619552252471582,1.1681802523025773,1.5190920420785972,61.801115546848926,52.457816959202596,2.5325645729158444,103.3660029172333,29.797752174262786,126387.2867170298,1160585.776547368,0.24322534882691133,0.712427391169911,-0.13141140730781722,0.24322534882691133,1.5611594961749862,0.9751812190686906,0.7564747160434465,0.7022708998142966,0.5451604331894829,0.37909613679006854,0.732082998740329,10.0,0.700000133042826,0.9678644773914388,4.999999999999997,75.25349274085544,1882.5228198722139,546.1166465042409,943.6061733679728,467037.0070900089,216187.10879607566,108820.99349543675,87378.66344067856,51104.99894219964,7783.950118166815,15813.686661935162,36273.664498478916,3.420785724658419,1.5834500572719445,0.7970531145096065,0.9629520509976419,0.37431562849679795,1629.5539957606668,892.307765021212,4241.504056342689
12,scenario_12,0.0,0.6000000000000001,0.3999999999999999,10.942491288075793,1.0942491288075793,1.1870648750110178,1.5729152146792986,59.607475003886236,52.45781695920257,2.309424494760831,103.74800549373417,27.867455613948522,112368.48165018517,1101787.447266349,0.29502970338247864,0.7192220360740333,-0.1357701213053208,0.29502970338247864,1.5508407253395944,0.9624723702929614,0.8089552376227932,0.6312711687744516,0.4713748713423067,0.3655677705664099,0.7378816100834565,10.0,0.7000006711114635,0.9003755773829641,5.0,73.85925063531388,1859.3853795230004,529.2785124690847,937.3068670539161,442765.54057247215,212282.38485899678,103755.15084711195,84684.56199505356,50099.511712682914,7379.425676207869,15528.063336908097,34585.05028237065,3.3461818694053567,1.604315156258275,0.7841251696623319,0.9443178527481404,0.3786249434458893,1854.792536818872,827.154818601417,4032.247622705149
13,scenario_13,0.0,0.65,0.35,11.285012088117773,1.1285012088117774,1.2,1.6300020146862955,57.50241995653719,52.457816959202574,2.076807736081516,104.82248002694486,26.13963576393519,99591.63857978614,1036961.9802808514,0.3414000870626241,0.7246714713218421,-0.14803005743131598,0.3414000870626241,1.540198409274942,0.9267256628203854,0.8559308623988563,0.5529935922381316,0.3900259017028816,0.35841912218671423,0.7499028178426027,9.999999999999998,0.7000000038325006,0.8379036569140756,5.0,72.48171350483942,1840.3966306514271,514.7312004134599,932.8654302379673,420730.51521612605,209618.5828509241,99191.70106313522,82356.99206615359,49293.09171177518,7012.1752536021,15333.211152984262,33063.900354378406,3.2695163213589735,1.628955716556891,0.7708233033743366,0.9255922634210111,0.3830588988752211,2147.7248279909672,766.2882340784936,3809.9857044371124
14,scenario_14,0.0,0.7000000000000001,0.29999999999999993,11.626249999999999,1.162625,1.2,1.6868749999999997,55.58727570160089,52.45781695920257,1.832008054324822,106.68975799521274,24.612112277818483,87916.11452391473,965537.7236995983,0.38239501493726247,0.7286322455424585,-0.1693360148205858,0.38239501493726247,1.5298159670523375,0.864603167369328,0.8974608691989799,0.46674789327016974,0.3003961628003189,0.3577953592961794,0.7682469764203369,9.999999999999998,0.7000000007363838,0.7830195759451491,5.0,71.19242880735845,1825.4301569528247,502.944139192604,929.6860177602209,401596.5180489663,208254.39743800618,95292.28519951974,80471.06227081665,48706.967204310065,6693.275300816105,15233.423516298599,31764.095066506583,3.1939651882108806,1.6562825269010997,0.7578756985019941,0.9077348850036548,0.3873747671660019,2543.683965830263,712.573277387605,3572.0670185284584
15,scenario_15,0.0,0.75,0.25,11.62625,1.1626250000000002,1.2,1.6868749999999997,55.58727574059216,52.457816959202574,1.5648873392434859,108.73052665438254,23.551685669978298,79217.89963162117,902318.0237843046,0.41085422535193916,0.7286322453827744,-0.1926215303316816,0.41085422535193916,1.529815967271001,0.7967088078254527,0.9262915383408291,0.39040930091063203,0.22106225765200244,0.363406233426955,0.7923209789832798,9.999999999999998,0.7,0.7830195762199168,5.0,71.19242881461292,1825.4301575933837,502.94413958804915,929.6860180053345,401596.5182603518,208254.39751280035,95292.28531844214,80471.06233408788,48706.967227940506,6693.275304339197,15233.423521769655,31764.09510614738,3.1939651873807766,1.6562825261936809,0.7578756988519163,0.9077348853326846,0.3873747670493613,3073.2388484737185,712.5732775126289,3363.5766348818706
16,scenario_16,0.0,0.8,0.19999999999999996,11.62625,1.1626249999999998,1.2,1.6868749999999997,55.587275507082175,52.457816959202574,1.2870358433683067,112.35533100102887,22.48666390186188,69619.20724535223,819320.9621563103,0.4394367584296116,0.7286322463390866,-0.2339811609097289,0.4394367584296116,1.5298159659614745,0.6761151440205978,0.9552471397925604,0.2901892925406437,0.11690989654293941,0.37493138605227716,0.8222355703421771,10.000000000000002,0.7000000044100373,0.7830195745743939,5.0,71.19242877116767,1825.4301537572242,502.94413721981755,929.6860165374067,401596.51699441316,208254.39706487505,95292.2846062428,80471.06195517082,48706.96708642322,6693.275283240219,15233.423489004748,31764.0948687476,3.1939651923520938,1.6562825304302535,0.7578756967563115,0.907734883362201,0.3873747677478962,3885.6818356866515,712.573276763889,3096.0220488548234
17,scenario_17,0.0,0.8500000000000001,0.1499999999999999,11.912828890714284,1.1912828890714282,1.1999999999999997,1.6868750000000001,54.13616113888808,52.075590474647626,1.0,120.23773617789855,21.310700346559102,57544.08385550629,693299.0773352676,0.47099669290590396,0.7294822387015293,-0.32392073695428075,0.47099669290590396,1.520884883287877,0.41387530181986315,0.9872190046393511,0.1380162625100644,-0.041233977445713554,0.3941620923531614,0.8598385933199582,10.000000000000002,0.700000368640686,0.7535715795811627,5.03679367922368,71.10554898423842,1817.774783259268,496.48423756127085,928.490545697997,399072.8833796111,207383.87470244293,92568.8842628304,79437.47800980335,48581.18325552656,6651.214722993519,15169.746390271288,30856.294754276798,3.215190760857633,1.670819405837429,0.7457951512622312,0.8951057312936579,0.39140161624592296,5327.956263566682,711.0775351512667,2700.2436766371948
18,scenario_18,0.0,0.9,0.09999999999999998,12.816849384448002,1.2816849384448001,1.2,1.6868749999999997,50.048130590302755,48.42922328998306,1.0,124.6430879609444,21.014040210773057,53879.304415291415,647014.2682819057,0.4789583124687864,0.7308905355396511,-0.3741865457783331,0.4789583124687864,1.4887561020435074,0.26731359501815155,0.9952845418101353,0.08212676642739042,-0.09931642099048357,0.4211308391228594,0.9039687642718608,10.0,0.7000008686561258,0.7442439287253433,5.41712146900428,70.88344378927057,1798.3488713093254,479.67563254642613,925.873238911868,392692.8801498177,201695.7600250316,85125.962901688,76748.10120742819,48372.78024019885,6544.881335830294,14753.671335164348,28375.320967229334,3.2746535659120455,1.6819345936277896,0.7098627249400578,0.854390651558325,0.40337909168664726,5565.270758510194,707.2678132955436,2563.966941857742
19,scenario_19,0.0,0.9500000000000001,0.04999999999999993,13.64843413638712,1.364843413638712,1.2,1.6868749999999997,46.872850153930614,45.65482458090378,1.0,128.83293876163623,20.87650906695,51266.514582565185,609405.0538321611,0.48264930601015316,0.7305185316036893,-0.42199345195082194,0.48264930601015316,1.4600315117509373,0.12792139325183877,0.999023711381086,0.03671316125861702,-0.14651192897069357,0.4511912442611109,0.9509081838749627,10.0,0.7000009655532382,0.7341407591790241,5.747391111437082,70.77254993920978,1788.7271768837024,468.7527977675126,927.174379125182,389545.5660284583,198458.5431317445,79717.85220561628,75000.44764280203,48427.83024092994,6492.426100474305,14516.874914266495,26572.617401872092,3.324102323303134,1.6935027935997424,0.6802549453381945,0.8207742682665404,0.41324835155393513,5779.796138058214,705.3732305319793,2455.703413734348
20,scenario_20,0.0,1.0,0.0,14.393431767585009,1.439343176758501,1.1999999999999997,1.6868749999999997,44.40545983207989,43.5328921468005,1.0,132.67746102931554,20.84046549901804,49389.95193045179,579002.5820796159,0.4836166256495204,0.7290894969878035,-0.46586010116387766,0.4836166256495204,1.434934614666764,1.7931022837834446e-05,1.0000036567861288,1.7896300013551786e-06,-0.1846637521132028,0.4836166256495204,1.0000036567861288,9.999999999999998,0.7000000381119721,0.7243147237798948,6.02855133584815,70.73411577856463,1785.4043944313723,461.8162004162053,930.7881940151668,388460.6265088236,196804.30736598172,75753.8699584064,73890.59206659287,48639.302080457404,6474.34377514706,14395.870631400514,25251.289986135467,3.36463403543426,1.7046115505572526,0.6561386966514754,0.7933390367861085,0.42128710111617484,5968.994736701072,704.7177668841932,2369.9063695472128
21,scenario_21,0.05,0.0,0.95,11.204994060696087,1.1204994060696094,1.071431555384397,1.6166656767826808,75.71648658693131,52.457816959202624,3.9999999999999996,120.36764656899892,53.374684695406984,292039.62961047346,1404120.353173083,-0.32540303648560087,0.6076814419016247,-0.32540303648560087,-0.3895208295422751,1.6126903770052423,0.4095533112981928,0.11546973194439053,0.9963420009962499,0.8507700616478104,0.7919614067411398,0.967002566511347,9.999999999999995,0.502895413669904,1.0437160962479584,4.999999999999996,77.00000540841185,2260.0545881836442,792.7679217035089,1074.4866664801355,577275.5777923974,269312.7138787257,180711.96386335988,126842.86747256147,66605.54618477484,9621.25962987329,19699.72629298086,60237.32128778663,2.912709063968889,1.3588476854614568,0.9118026040965121,1.0495747894795258,0.3360657986344959,877.0539499673947,863.2403923702859,5471.500792502183
22,scenario_22,0.05,0.05,0.8999999999999999,11.009928216238443,1.1009928216238445,1.0691360617085324,1.5841547027064071,74.0540262902523,52.457816959202546,4.0,117.49193343914244,50.46562793280478,271891.0072248024,1398094.8491531727,-0.302019825485832,0.6274888232069662,-0.2925906633683189,-0.3114489876033451,1.6075526420543034,0.505225449492899,0.19456059256346236,0.9890661281946865,0.8432087039535023,0.7286858510095688,0.9251488174780358,9.999999999999998,0.5273191526298808,1.0468746815646384,5.0000000000000036,77.00001090835953,2188.6532321892,746.4638525626044,1049.3893796265977,561426.4314840961,260148.00711689625,167279.43663118948,119434.21641001673,63674.40419962023,9357.107191401603,19029.34496503222,55759.81221039649,3.008458772955843,1.3940286926088126,0.8963833201402613,1.0409981093149936,0.34120555995324625,882.2168028676881,884.7203604548749,5387.647362415198
23,scenario_23,0.05,0.1,0.85,10.83451995191355,1.0834519951913557,1.0678176732929703,1.554919991985592,72.38433672915909,52.45781695920255,3.9999999999999996,115.02465029711763,47.88584870359823,253947.02399484394,1389258.6357327043,-0.24962227181633093,0.644937642502263,-0.2644385454809069,-0.24221413498404296,1.6021550258628725,0.5873095250143845,0.26469912064864043,0.9783962880149512,0.8321202090965355,0.6698588369596056,0.8874722331282918,9.999999999999995,0.5534107394030987,1.0496888412354866,5.000000000000003,77.0000056479019,2125.16773760267,705.57654560095,1026.7911920017204,547276.4786073181,251994.04829310146,155399.8789012971,112892.24729615203,61092.28766238633,9121.274643455303,18432.897976995384,51799.9596337657,3.102577499319763,1.4285851754240178,0.8809809785779696,1.0319900317824051,0.34633967380734354,887.8786274199651,904.8846834022052,5303.174755588323
24,scenario_24,0.05,0.15000000000000002,0.7999999999999999,10.677969156301284,1.067796915630129,1.0683221672740537,1.528828192716881,70.72050969067999,52.457816959202546,3.999999999999999,112.93720793349038,45.60906835875757,238021.95141554455,1378033.780342024,-0.1959883823975217,0.6602130227106755,-0.2406204751090628,-0.1811110181603413,1.5965228301262868,0.6567566726498641,0.3265997749187746,0.9648421322516049,0.8180342261820173,0.6152297044661095,0.8537015056715932,9.999999999999995,0.5811310884669297,1.0521766812597533,5.0000000000000036,77.00000705204769,2069.089529960498,669.6616745673041,1006.6278553931954,534730.8629500363,244743.2750692688,144942.19882494138,107145.86793076871,58831.80165578825,8912.181049167271,17902.517343029846,48314.06627498046,3.1940359334169606,1.4618920829083275,0.8657637390916505,1.0226300576702247,0.35141208696944987,894.0151286017511,923.6022894417368,5218.74179808457
25,scenario_25,0.05,0.2,0.75,10.55713815291113,1.0557138152911123,1.0707064197583729,1.5086896921518549,69.29647606678739,52.45781695920256,3.8795111165846503,110.72459550999704,43.064896066250796,220119.23282560066,1360982.6600449043,-0.13334025230542096,0.6718008239120844,-0.21537419318690854,-0.11283176708504905,1.591487554424105,0.730368104664414,0.39577022864260014,0.9442526874522889,0.7966369091726561,0.5641426188031368,0.8238619665509573,10.000000000000005,0.6063551146487327,1.054078959504416,5.000000000000003,77.00000418986652,2026.1838088394838,642.2928162910954,991.0909925483883,525101.6064031813,239132.49202190348,136949.51552383942,102766.85060657529,57117.01209862882,8751.693440053023,17492.09895345405,45649.83850794647,3.270169574278398,1.489242824808587,0.8528790112562747,1.0143199718225173,0.3557069962479084,933.3109066007431,938.5389459576757,5111.337839686655
26,scenario_26,0.05,0.25,0.7,10.459987337304728,1.0459987337304721,1.0754609510850681,1.4924978895507877,68.03943751725166,52.4578169592026,3.6746317534108455,108.5523670082789,40.40155392328462,201410.12847318384,1338227.264001268,-0.06622669466954091,0.6810094718769958,-0.190588698641447,-0.04135429387515968,1.5868676150673884,0.8026360034506985,0.46818064872041654,0.9167752570803873,0.7680813413076225,0.5177889305144735,0.7989196423089102,10.000000000000007,0.6298728305230685,1.0555968948572376,4.999999999999997,77.0000191919424,1991.9283284226308,620.4383935280364,978.6899348945976,517394.54487054393,234556.01932562035,130547.54351369159,99270.14296448584,55754.295126588644,8623.242414509064,17157.338450670377,43515.8478378972,3.3356707145633075,1.5121953881148473,0.8416470990542747,1.0067705210661557,0.3594509669819085,1001.9840679951009,950.8721498823718,4985.207471366719
27,scenario_27,0.05,0.30000000000000004,0.6499999999999999,10.372394280823713,1.0372394280823711,1.0797566191106127,1.4778990468039521,66.80819675098375,52.457816959202596,3.471297931641694,106.75459535941374,38.00475295309927,184591.9059802697,1312563.1325988981,-0.004608079075909533,0.68911616774703,-0.17007582011062547,0.022969877763209787,1.582173950329403,0.862446092241209,0.5333444000440641,0.8857854917380629,0.735875624274521,0.47670632810187025,0.7788861942550205,10.000000000000002,0.6541428610330864,1.0569535571264495,4.999999999999997,77.00000071348045,1961.224117465123,601.0192419469331,967.4048755181901,510471.0036755518,230473.70624966003,124825.29343061108,96163.07871150933,54554.64756797229,8507.850061259196,16858.724809002906,41608.43114353703,3.397368789870615,1.5338857072400327,0.83075738491336,0.9991377341781061,0.3630808716955466,1079.3965801904194,962.2475177285327,4857.07422458633
28,scenario_28,0.05,0.35000000000000003,0.5999999999999999,10.288744020420651,1.0288744020420648,1.0861847036647598,1.4639573367367749,65.52040931874171,52.457816959202574,3.268913821395481,105.26904171517432,35.77393176777893,168937.48418511462,1283174.3870356614,0.05334394428194565,0.696725333849877,-0.15312540181109413,0.0828395651523799,1.5770759791728943,0.911868996101726,0.5939955257637344,0.8502982073865696,0.6989959181692126,0.44073512861430575,0.7636708082543351,10.000000000000004,0.6809390628993728,1.0582426279436987,5.0,77.00004693547957,1932.0718045742267,582.6103380853505,956.6614664888921,503885.0609453068,226528.90611141897,119367.08544435343,93217.65409365609,53428.62561220495,8398.084349088447,16570.169984076016,39789.02848145114,3.459499620973009,1.5552687022744398,0.8195329031519282,0.9909359832433622,0.366822365616024,1167.9133642570848,973.3465978917699,4722.362788684977
29,scenario_29,0.05,0.4,0.5499999999999999,10.236930256685131,1.0236930256685128,1.0939265037023285,1.4553217094475213,64.64629695066479,52.45781695920258,3.0494299251088415,104.21943955619011,33.9193424743821,155890.14341263784,1253637.3191412394,0.10219419303400383,0.7014365865665781,-0.14114926368113626,0.13261212512339635,1.5734999047071259,0.9467882242268246,0.6444177331250177,0.8146318219322027,0.6619300835348317,0.41004893280945914,0.7531540065240597,10.000000000000002,0.7000000293101961,1.059032195020459,4.999999999999999,77.00000094362545,1914.0881670185051,571.1218705072039,950.1662965113012,499814.56638981315,223972.25877046966,115944.16714730224,91379.49928115266,52731.44356538524,8330.242773163553,16383.155965617689,38648.05571576742,3.5005808196134103,1.568647746384242,0.8120450162017722,0.9852723650889361,0.3693183279327426,1275.535946628642,980.3376415264668,4595.906997029065
30,scenario_30,0.05,0.45,0.49999999999999994,10.239398228153853,1.0239398228153844,1.105283446711584,1.4557330380256417,64.64514825989771,52.45781695920259,2.8063959474013593,103.6485362253774,32.58618737460425,146373.92854803402,1227831.7857706926,0.13808810440496394,0.7015928803423219,-0.13463516013233728,0.16839068935355295,1.5734951416796714,0.9657816146990021,0.6806632906320552,0.7834713119134252,0.6295469222818721,0.38381751334341796,0.7463232174760875,10.000000000000009,0.700000001981973,1.0589945184293612,4.999999999999998,77.0000000175247,1914.9430653129868,570.9298002616586,951.2132650513284,500008.1345292611,223680.5066031286,115921.3595700472,91348.7680418654,52708.314851849675,8333.468908821018,16361.81483485848,38640.45319001574,3.5031146337087744,1.5671314161609025,0.8121584090858114,0.9854232710595455,0.3692805303047296,1409.0080324534413,980.0024942011999,4491.901027430697
31,scenario_31,0.05,0.5,0.44999999999999996,10.46500957222072,1.0465009572220723,1.1160203993254345,1.4933349287034532,62.86380650455228,52.457816959202574,2.604746482246865,103.23332110361162,30.658046155169707,132489.4502584251,1183054.41536884,0.18831586489777508,0.7083245807628886,-0.12989748537685966,0.22013719992523856,1.5658994001037605,0.9795954120829193,0.7330852132293209,0.7294020671903554,0.5733561516674701,0.36158399394413787,0.7437533074544663,9.999999999999998,0.7000001749868191,1.0014362252831355,5.0,75.91158838903992,1891.5413668553354,555.3537928766259,943.3875739787094,478510.5871603571,219355.06049061485,111433.39370407532,88856.60686026013,51712.14229223502,7975.176452672618,16045.416461813493,37144.464568025105,3.4465279128230266,1.579930223250284,0.8026119215059055,0.971153286258008,0.3724626928313648,1562.702684884589,925.5634583556946,4321.522956415932
32,scenario_32,0.05,0.55,0.3999999999999999,10.730550831298649,1.0730550831298653,1.128381378854363,1.537591805216442,60.94335298956735,52.457816959202596,2.4048809946865704,103.28134968686233,28.848725770889388,119404.89233733198,1132888.5369765763,0.23543315883946933,0.7147977969170238,-0.13044549963376023,0.2686948550643084,1.5572130701292342,0.9779975485108017,0.7822766584317699,0.6688261304795464,0.510403384675752,0.34542124917398237,0.746682491754832,9.999999999999996,0.7000001592624604,0.9411841986581801,4.999999999999997,74.70961027703243,1869.0974546438454,539.8029729158674,936.4944817279779,456490.63517751964,215434.15506609005,106842.7645073911,86368.47566653881,50754.220830741775,7608.1772529586615,15758.609490945475,35614.25483579703,3.3826463215767966,1.5963910232088856,0.7917167549504649,0.955211163900153,0.37609441501651164,1747.429158861336,867.85383418061,4139.000567498923
33,scenario_33,0.05,0.6000000000000001,0.34999999999999987,11.009296090277243,1.100929609027724,1.1430691679393217,1.5840493483795401,59.105260153642206,52.457816959202574,2.202138908130002,103.84853183508315,27.225538355059875,107542.02883683117,1078928.2601834878,0.2777052947871756,0.7202378802242502,-0.13691714385990442,0.31225716467443226,1.5483705815484576,0.9591279581115462,0.8264075572558842,0.603668409401549,0.4426890569169107,0.3354496115325829,0.75508487554965,10.000000000000002,0.7000002868740791,0.8852670169634937,5.0,73.5304134189437,1850.574929086138,526.0959211892264,931.6790078969118,436532.22922857484,212379.1775574669,102678.48791609409,84175.34739027623,49949.1847515782,7275.537153809581,15535.143543555449,34226.16263869803,3.3190314666709817,1.6147563134676215,0.7806826381317838,0.9394055812799573,0.379772453956072,1973.6217360760156,813.6331740586613,3950.0423254934262
34,scenario_34,0.05,0.65,0.29999999999999993,11.293486605519918,1.129348660551992,1.1585212053995488,1.63141443425332,57.38971844330618,52.457816959202574,1.9972254998186856,104.9728229124012,25.785118320832183,96812.87022276457,1021323.8877484037,0.31515302787810767,0.7246158913561406,-0.14974549517853256,0.3509144527286185,1.539606617296361,0.9217239033734382,0.8655694126120904,0.5341103964508251,0.3704017821431228,0.33172765415761224,0.7689394323017783,9.999999999999998,0.7000000187521787,0.8346224052034724,5.0,72.40331290423404,1835.9439047895269,514.361411597914,928.7824931916132,418841.60982453043,210190.29593689062,98989.52787699742,82297.82585566625,49301.31656333376,6980.6934970755065,15375.030906494776,32996.50929233248,3.25717754388579,1.6345728213468727,0.7698052431225489,0.924130408194653,0.3833982522924836,2254.2584845808683,764.0360097229102,3754.602519878608
35,scenario_35,0.05,0.7000000000000001,0.2499999999999999,11.57827957631422,1.157827957631422,1.1755761237003899,1.6788799293857033,55.810489339921205,52.457816959202574,1.7904073022482492,106.73060605532385,24.50831465115174,87018.03222852654,959576.9853272696,0.3481818326552406,0.728034199610836,-0.16980209809418054,0.3851806848516279,1.53106274481911,0.8632441927166198,0.9002828985690586,0.459550225812451,0.2929160790087497,0.3343653942436179,0.7882477950872847,9.999999999999998,0.7000000403925248,0.7893207594263897,5.0,71.34234754333303,1824.9664115424096,504.46536188962784,927.701049657594,403355.2234074534,208749.64059179832,95756.97144377207,80714.4579023405,48795.46742108314,6722.5870567908905,15269.649635881544,31918.990481257355,3.198278842349564,1.6552148580418937,0.7592748971710191,0.9096098439915098,0.3869083676096604,2609.6139666813665,719.2848089389881,3550.5514543586632
36,scenario_36,0.05,0.75,0.19999999999999996,11.626249999999999,1.1626249999999998,1.1788191805204065,1.6868750000000001,55.557238149023874,52.45781695920257,1.5703616510841854,108.60532836642079,23.576384847657224,79383.08465215813,903673.8249510078,0.3726048385570868,0.7285276968359875,-0.19119299669402645,0.410191360907161,1.5296474250888712,0.8008740313254112,0.9256200219770638,0.39204644807716743,0.22276364189304326,0.3426365992242781,0.8126680076645019,10.0,0.7000000229680295,0.7821735928948181,5.0,71.17008108865394,1823.4579419280838,502.95835763909264,927.6995842889914,400945.85986208054,208568.39777473302,95252.69597743922,80473.33722225484,48722.43856310843,6682.430997701342,15256.392059448064,31750.89865914641,3.1887002474251505,1.658732931718337,0.7575394227431416,0.9072410085243152,0.3874868590856195,3062.002633006866,712.188237315801,3367.0592486975966
37,scenario_37,0.05,0.8,0.1499999999999999,11.62625,1.1626249999999996,1.177154339388375,1.6868749999999997,55.55492196229307,52.45781695920257,1.3506418204766817,111.26196079790773,22.730881150191415,71864.41788428927,840114.1361590779,0.39438915204172914,0.7285179214801075,-0.22150562199464968,0.4328825754190028,1.529634421299618,0.7124904917856234,0.9486074094866015,0.31529731482143614,0.14300308737235265,0.3566812423413227,0.8418050494017778,10.000000000000004,0.7000000186122823,0.7821083715993569,5.0,71.16835718752942,1823.3058934694398,502.9619012395642,927.5439922298754,400895.7117936307,208594.47837124663,95250.0571665151,80473.90419833029,48723.88514282525,6681.595196560512,15258.299806785632,31750.019055505032,3.1882789595443426,1.6589286612537404,0.7575130993561822,0.9072021873320986,0.3874956335479392,3669.2303370532118,712.1585439023356,3161.532428481511
38,scenario_38,0.05,0.8500000000000001,0.09999999999999987,11.626249999999999,1.162625,1.177998277668086,1.6868750000000001,55.55609478094541,52.4578169592026,1.1429642377063796,115.10920308200588,21.956073405462096,64319.43813237672,767175.1703157595,0.4137276091219764,0.7285229077319707,-0.26540330705502035,0.4536764865441527,1.5296410060020766,0.5844965372943683,0.9696727293981138,0.22722258513907748,0.051472551707309584,0.3775021033805098,0.876168905367023,9.999999999999998,0.7000000296575749,0.782141406432237,4.999999999999997,71.16923036783227,1823.3829065889377,502.960054989626,927.6228515993121,400921.1117186936,208581.23065214948,95251.38459770974,80473.60879834017,48723.147265770254,6682.018528644892,15257.330760666488,31750.461532569912,3.188492666495854,1.6588293927751507,0.7575264369626679,0.9072218625993197,0.3874911876791106,4483.0635816853965,712.1735838833135,2929.4599696672417
39,scenario_39,0.05,0.9,0.04999999999999993,11.793326797707646,1.179332679770765,1.1856734686014618,1.6868749999999997,54.7137742308066,52.457816959202574,1.0,119.63405654284512,21.365030070508748,58080.73816242641,699626.4118808057,0.4281401305385413,0.7290707104678438,-0.3170326502313651,0.4695386183590916,1.524839156380348,0.43395912759181865,0.9857418988366681,0.14565659951326823,-0.03329385499416807,0.40506843126190584,0.9161484953082556,9.999999999999996,0.7000004427236776,0.7586045828110639,5.0,71.12750930217629,1819.706786540718,499.155915285712,927.750871255006,399709.2781817373,208290.212981597,93668.59287806592,79864.94644571394,48642.0821530253,6661.821303028954,15236.043356987186,31222.86429268864,3.2030815698373325,1.6691394941187758,0.7506159098561491,0.9003041732682782,0.38979469671461703,5299.524765174859,711.4553155298861,2718.4955027326755
40,scenario_40,0.05,0.9500000000000001,-1.1102230246251565e-16,12.41619923448629,1.241619923448629,1.2,1.6868749999999997,51.76708693788768,49.8890071862068,1.0,122.67896729721232,21.123478983117145,55372.29785126438,666646.673378566,0.4346314059918501,0.7305325307156434,-0.3517755968569584,0.47602124824705044,1.5027688383803364,0.33265795138690785,0.9923091420857084,0.10583314547884662,-0.0746798699492947,0.4346314059918501,0.9593265825507684,10.000000000000002,0.7000002774499061,0.750523899588412,5.258159776202752,70.96655795860923,1805.5939758646539,486.3863344442047,926.4076414204494,395068.3630039341,203794.38991698358,88188.16467308566,77821.81351107277,48425.758620044224,6584.472716732235,14907.182225408982,29396.054891028554,3.2490087408017323,1.6759877939404695,0.7252519935524796,0.8717693242003139,0.3982493354825068,5461.213024525046,708.6910851210291,2621.3626029841234
41,scenario_41,0.1,0.0,0.9,10.9730622317614,1.0973062231761412,1.0364979436630912,1.5780103719602332,73.75969194007166,52.45781695920253,3.9999999999999987,117.00059031472074,50.07178532090527,268996.8448836442,1396732.0808309985,-0.28698435522869536,0.6298049714793434,-0.28698435522869536,-0.3008792322997294,1.6066188875233083,0.521571950405192,0.20526830769781113,0.9874205680992363,0.8414985766837532,0.7286502834925083,0.9408357063298318,9.99999999999999,0.5318386655517802,1.0474707290591794,5.000000000000004,77.00005772904389,2175.2584610460535,740.1326430062711,1042.3258180397936,558446.3485080526,260038.1676103335,165268.70293964059,118421.22288100343,63331.65523445656,9307.439141800878,19021.310408533653,55089.567646546864,3.01808792672489,1.405359809853057,0.8931842393458126,1.038907212740764,0.34227192021806246,883.5901799046575,888.890882028696,5372.223961252214
42,scenario_42,0.1,0.05,0.85,10.807196728976207,1.0807196728976196,1.0358001527252516,1.550366121496034,72.15808061434228,52.45781695920259,3.999999999999999,114.68202957219984,47.633459773662786,252037.84151335646,1387932.7487063915,-0.2521663381735144,0.6463055924452776,-0.260529185069746,-0.23544064438105133,1.6014043882942046,0.5987081784483387,0.27156102101990187,0.9767952625537087,0.8304563638754443,0.6680629585681004,0.9037248420664814,10.00000000000001,0.5571190030378631,1.0501267383637738,4.999999999999998,77.00004435379762,2115.3445578499227,701.5254967325494,1021.0190611173809,545082.7216777791,252246.51802468093,154062.67261056905,112244.07947720795,60889.85527368494,9084.712027962985,18451.36567032388,51354.224203523016,3.1079852362691076,1.4382742705692289,0.8784437533810925,1.0302167345571074,0.34718541553963594,889.0956865265274,908.1022346601621,5291.193264376562
43,scenario_43,0.1,0.1,0.8,10.65970748218447,1.0659707482184473,1.036199739260937,1.5257845803640784,70.57645120044218,52.457816959202596,4.0,112.72508289995505,45.49043680734417,237047.50077567427,1377076.5161381012,-0.20806366761828068,0.6606878947137781,-0.23820009260441968,-0.17792724263214169,1.5960226882682953,0.6638138631993129,0.3298251061046359,0.9636862235405298,0.8168329628470498,0.6118536367539837,0.8703128757628187,9.999999999999996,0.5836670946930893,1.0524673767412065,4.999999999999997,77.00004903284953,2062.5880806888604,667.7476973766925,1002.0403833121732,533274.1634368895,245363.14844956534,144234.3077373792,106839.63158027083,58761.52900114444,8887.902723948158,17947.859932884872,48078.1025791264,3.194465008456969,1.469795549507676,0.8640048228036831,1.0212785746589337,0.35199839239877234,894.9916855467429,925.832737903465,5210.930415541851
44,scenario_44,0.1,0.15000000000000002,0.75,10.545833174360109,1.054583317436011,1.0384057071320183,1.5068055290600184,69.22901851230053,52.45781695920262,3.8731974230185706,110.5685288957713,43.00581450544778,219569.64727273598,1360246.4747673396,-0.15218507773015932,0.6716182491739593,-0.21359344672650557,-0.11124616506592847,1.5912438907371025,0.7355602869195791,0.3973765264469952,0.9433637343588639,0.7957130760469031,0.5587385376026375,0.8406853084281551,9.999999999999998,0.607639373992268,1.054255938073206,4.999999999999996,77.00000110568126,2022.1861709675195,641.9691949931376,987.4169759743819,524203.00725194596,240024.5742857501,136713.12380786712,102715.07119890206,57144.029929613025,8736.716787532432,17557.353119050236,45571.04126928904,3.2662190730665777,1.4955519745044201,0.851836037455526,1.013399397895467,0.35605465418149135,935.8693754066875,939.9589396568997,5105.58048481844
45,scenario_45,0.1,0.2,0.7,10.453678597635168,1.0453678597635165,1.0418569389334036,1.491446432939194,68.0402270927071,52.45781695920257,3.677425516847202,108.50022387583697,40.474398716941586,201791.7258555353,1338609.605074496,-0.0922040900961627,0.6803355369351075,-0.1899937366824723,-0.04330926680300792,1.5868705705384651,0.8043707540143402,0.466200158859918,0.9172369387930587,0.7685611381190345,0.5103315696544753,0.8157429643285588,10.000000000000002,0.6299163618294774,1.05569435004106,5.0,77.00000626216874,1989.7099444314647,621.3013957661084,975.6085486653566,516894.6118947705,235676.9688888116,130662.59324515617,99408.22332257735,55854.02557419197,8614.910198246176,17239.333835385292,43554.197748385384,3.3278187714830607,1.5173116976388261,0.8412187330372239,1.0062454928794238,0.35959375565425866,1001.5562888184324,951.6829541235943,4985.663339108983
46,scenario_46,0.1,0.25,0.65,10.371798717377832,1.0371798717377834,1.0456920358713457,1.4777997862296393,66.89668163876632,52.45781695920255,3.484814170899066,106.79377486096925,38.212620879500875,185926.77383336265,1314672.564701005,-0.036298518479623496,0.6879371087169165,-0.17052286484893436,0.01739122006810087,1.5825170294770592,0.8611426288851805,0.5276929279223931,0.8883326578519263,0.738522734060388,0.467335295671384,0.7954537224728684,9.999999999999998,0.6524202023346547,1.0569643775796065,5.000000000000003,77.00003252734483,1961.0189798266842,603.1390827343764,965.0798970923099,510425.19720947667,231819.8939608868,125319.37738178032,96502.25323750026,54729.12744357349,8507.086620157945,16957.195947138942,41773.125793926774,3.385124339118768,1.5374224658757896,0.8311142883570763,0.999170064578085,0.3629619038809745,1074.4161043799766,962.3264541345761,4865.585493851925
47,scenario_47,0.1,0.30000000000000004,0.6,10.293450977733858,1.0293450977733853,1.0502289753103455,1.4647418296223087,65.70957790932228,52.45781695920256,3.2937213167344264,105.3638213933427,36.10643828272009,171150.85204867215,1287565.221607785,0.01688522501278101,0.695061611034471,-0.15420685396698133,0.07391591800603511,1.5778373623764614,0.9087157697337581,0.5849554043174205,0.8556001960225267,0.7045059420056675,0.4294576552085129,0.7797183158821179,10.000000000000005,0.676976978926892,1.058169049437966,5.000000000000003,77.00001875446085,1933.7055430329651,585.9451972172853,954.9603458156798,504254.10009403195,228128.6902788527,120229.21320538709,93751.23155476569,53674.82715297,8404.2350015672,16687.19123336052,40076.4044017957,3.442329436191555,1.5573380675343667,0.8207539802450338,0.9916236180147614,0.3664153399183222,1156.7769752305421,972.7152565497101,4740.175442078483
48,scenario_48,0.1,0.35000000000000003,0.55,10.229218596778107,1.0229218596778098,1.0561507558559087,1.4540364327963506,64.64988446165283,52.45781695920256,3.097920705376021,104.26479303815015,34.232498062322,157980.80049744487,1258618.7077211172,0.06512457240557001,0.7008187469742547,-0.14166675457992936,0.12420780868714126,1.5735147791729154,0.9452793586349677,0.6359037208595152,0.8206469120495754,0.6681811889597616,0.3968057115103754,0.7684500397915937,10.000000000000009,0.7000006620864538,1.0591506965453226,5.000000000000003,77.00002011792031,1911.4192769128983,571.9060917978726,946.7131851150259,499210.44443776814,225043.67799431612,116046.30538176848,91504.9746876596,52822.87289373677,8320.174073962802,16461.52829773238,38682.10179392283,3.491555355659355,1.5739904241051714,0.8116458771541287,0.9847351905099498,0.369451374281957,1252.2616955502242,981.3866112613813,4614.936374489317
49,scenario_49,0.1,0.4,0.5,10.231230926499855,1.0231230926499857,1.066392615095876,1.454371821083309,64.64894845390296,52.45781695920257,2.8643373136185644,103.66855530891229,32.942527842286545,148819.60662266178,1234753.074032925,0.10008920234458075,0.7010018492999619,-0.13486358126085432,0.1588273982459395,1.5735108984756074,0.9651155995438058,0.6709751763866719,0.7918288555898639,0.6382323925899536,0.36916079746726715,0.7608160583039814,9.999999999999998,0.7000003071616816,1.0591194907686678,5.0,77.000009410239,1912.1150554854783,571.6703336821422,947.6447218033362,499367.86247089814,224737.13672265224,116014.42920005355,91467.25338914277,52795.77698912493,8322.797707848302,16439.10537137919,38671.47640001785,3.4940967410672354,1.5724946598163663,0.8117575628093333,0.9848863945504389,0.3694141457302223,1375.5843714686898,981.1125536383595,4517.55273108186
50,scenario_50,0.1,0.45,0.45,10.348988301931367,1.034898830193136,1.075579058563427,1.4739980503218941,63.704221803572864,52.457816959202574,2.6642564969900606,103.22192163653745,31.39486988446673,137675.54855406887,1200560.6602315865,0.14033903053819524,0.7047413749212121,-0.1297674155298043,0.2003626852199729,1.5695359085727945,0.979974661103951,0.7130525952261827,0.7505410806958618,0.5953246009215032,0.3450825372106838,0.7566146202753152,10.000000000000005,0.7000002230808461,1.0283913316936126,5.0,76.42602504992719,1899.623291254136,563.1683350658935,943.6549561882426,487898.32681662013,222217.29489104266,113593.62075205242,90106.93361054297,52242.39335985882,8131.638780277002,16254.783607770712,37864.54025068414,3.465381815258016,1.5783365722438365,0.8068182366024639,0.977448909271632,0.3710605877991787,1511.466294999416,952.034418771777,4385.2880760683365
51,scenario_51,0.1,0.5,0.4,10.577354425111757,1.0577354425111756,1.0848183825014677,1.5120590708519597,61.97237136771239,52.457816959202574,2.481088335993374,103.06918136901294,29.676369448894768,125275.58867034582,1156335.5960146028,0.1840650286382913,0.7109497630268945,-0.12802462324777378,0.24648295901550432,1.561934333361945,0.985056179086668,0.7597748456033309,0.6971387527212239,0.5398269150028829,0.32636978318412796,0.7572485417988218,10.000000000000002,0.7000002408096194,0.9732361186825289,5.0,75.35498203256313,1877.9568892559334,548.5681491057661,936.5887401501675,467503.29771802074,218314.85414799128,109341.72627880707,87770.9038569226,51323.66176398691,7791.721628633679,15969.32729415862,36447.24209293569,3.4088985915796157,1.5918886614461407,0.7972881871253195,0.9633350464924257,0.3742372709582269,1669.5603180828566,899.5349013144274,4221.392003023855
52,scenario_52,0.1,0.55,0.35,10.81266086426823,1.0812660864268229,1.0951974419699715,1.551276810711371,60.327730053866155,52.457816959202574,2.2972906279663574,103.32115325209233,28.132171046744244,114052.98542169605,1109511.848289954,0.22349077471631987,0.716239793440198,-0.13089966504412917,0.2879254001273106,1.554311513803504,0.9766733231721231,0.8017582067266907,0.6405984813329207,0.4810681615501899,0.3136428601081744,0.7628438144834145,10.0,0.7000002466697922,0.9222654964070011,5.0,74.31520993206709,1859.6636877965918,535.6569927235684,931.2066950730235,449042.3739062871,215172.01889572464,105492.86393250873,85705.11883577099,50540.83085826809,7484.039565104784,15739.434715520596,35164.28797750291,3.353208340457678,1.6067895822785712,0.7877642996584525,0.9495003783802279,0.37741190011384923,1856.7679611178346,850.4549816937358,4054.1835620217976
53,scenario_53,0.1,0.6000000000000001,0.29999999999999993,11.057340254818099,1.1057340254818098,1.1070574888402684,1.5920567091363496,58.74837423859044,52.45781695920258,2.1160048429906424,103.99866772916303,26.749959009769263,103883.42524317514,1060169.1918288807,0.25878470897148853,0.7207557198162373,-0.13863021980051168,0.32502053043348855,1.5465895690570794,0.9541330850634431,0.8393375145517475,0.5810165955826633,0.4191484492976208,0.3068938310693282,0.7733207959121919,10.000000000000002,0.700000407256693,0.874608708704827,4.999999999999999,73.29518690581932,1844.2866879172363,524.1285643983238,927.3581235189127,432124.7319171307,212679.15380224187,101964.04994920614,83860.57030373183,49872.553653996445,7202.078865285512,15557.086250349173,33988.01664973538,3.2978529412011,1.6231067585212646,0.7781606031432863,0.9358024317939758,0.3806131322855712,2078.085276044471,804.0996519357029,3883.4984833149174
54,scenario_54,0.1,0.65,0.25,11.288970328773209,1.128897032877321,1.118928865242325,1.6306617214622015,57.36045965362486,52.45781695920257,1.9334943519068184,105.09647623003187,25.533991952261267,94749.95863284718,1008933.0989774722,0.2898126646913776,0.7242510623034893,-0.15115640044344322,0.3576540593275039,1.539452600110697,0.9176100795118816,0.872396986714374,0.519148361289876,0.35485267858231795,0.3060726681641127,0.7886061396380002,10.0,0.7000000428939682,0.8337716259364241,5.0,72.38075647531242,1832.6058186165003,514.7110718005176,925.0947468313567,417892.64181130694,210934.81981101094,98995.40003941245,82353.77148808286,49355.30480827871,6964.877363521783,15429.491449138763,32998.46667980414,3.247590073005199,1.6392483579040722,0.7693279236688287,0.9234118065616925,0.3835573587770572,2345.485392490238,764.0459927533302,3710.738172471939
55,scenario_55,0.1,0.7000000000000001,0.19999999999999996,11.518594511084977,1.1518594511084979,1.1317116141877333,1.6689324185141627,56.076075196544735,52.457816959202574,1.7541215522467812,106.6664370628037,24.452957266988818,86400.79989516607,955154.2013863325,0.31719930695558607,0.7270829376966518,-0.16906991903804633,0.38666633924039073,1.5325332651961143,0.8653790317784387,0.9017879441946207,0.45420965790697393,0.2873659621601735,0.3112326379965036,0.8086313956954733,9.999999999999998,0.7000004006972376,0.7968513389950279,5.0,71.51907118747498,1823.432005179856,506.59179608009345,924.0402090997628,405247.755667117,209699.41386681996,96355.35005675802,81054.68737281497,48936.23735389563,6754.129261118616,15339.123792109978,32118.45001891934,3.199797223743799,1.6557663624988188,0.7608125579793161,0.9116430048152314,0.38639581400689466,2668.831096802784,727.5787560823784,3533.347682728177
56,scenario_56,0.1,0.75,0.15000000000000002,11.62625,1.1626249999999996,1.13807760685691,1.6868750000000001,55.50255302791304,52.457816959202574,1.5721469219520263,108.45501137255171,23.597464547888276,79437.03803896655,903986.2285703532,0.3391428708621979,0.728218751227626,-0.18947785437419892,0.40962563422705084,1.5293401162066615,0.8058749293847992,0.9250469112511753,0.39242367942405465,0.2231556747425877,0.32174479144425644,0.8332362282904695,10.000000000000004,0.7000000205193342,0.7806345573333322,5.0,71.129363812545,1819.8700342781788,503.15361129126916,923.9164229869099,399763.0668738607,209269.26966159165,95209.26227871004,80504.57780660308,48768.15704703306,6662.717781231012,15307.659540060871,31736.420759570014,3.1780598044237665,1.6636610765808322,0.7569001604449946,0.9062910073895745,0.3876999465183351,3060.943627531027,711.4872275023814,3366.3378486175257
57,scenario_57,0.1,0.8,0.09999999999999998,11.626249999999999,1.1626249999999998,1.1374741108472712,1.6868749999999997,55.5017767967218,52.457816959202574,1.3901966160896733,110.55949120887216,22.895699898333163,73247.72770208154,852368.6081479318,0.3571315198723869,0.7282130286051204,-0.213490325190643,0.4284592505052656,1.5293357497335904,0.735860961844695,0.94412634991971,0.33009474573287556,0.1583811280734166,0.33725648069248987,0.8618966506935251,10.0,0.7000000025592003,0.780612702321741,5.0,71.12878503401097,1819.8190843422324,503.1582919433514,923.8607923988811,399746.2790595861,209280.6788434655,95208.96845106465,80505.32671093624,48769.003893914676,6662.437984326435,15308.494100586826,31736.32281702155,3.177896780876996,1.663736300838127,0.7568907834815833,0.9062769471107406,0.3877030721728054,3547.824811792778,711.477267867433,3199.1914650931494
58,scenario_58,0.1,0.8500000000000001,0.04999999999999993,11.626250000000002,1.1626250000000002,1.136703885617456,1.6868750000000001,55.500774196891854,52.45781695920257,1.2214130955631,113.31456830727842,22.26104373875699,67231.37306819123,796341.6265577913,0.37281625641365795,0.7282057289925863,-0.2449262207885797,0.44549184196686237,1.529330109705826,0.6442022653776559,0.9613812562190198,0.26244145230573623,0.08807330868841175,0.3585791090273956,0.8947163669392193,10.0,0.7000002328383736,0.7805847569472523,5.0,71.12804494308307,1819.7539361251183,503.1642092503586,923.7897268747597,399724.8133068719,209295.25968393413,95208.56811791472,80506.2734800574,48770.084107419156,6662.080221781199,15309.560662065549,31736.18937263824,3.1776887621033585,1.6638326481587673,0.756878699776851,0.9062588896639593,0.38770710007438297,4144.068864335762,711.464532565676,3020.135706895893
59,scenario_59,0.1,0.9,0.0,11.626249999999999,1.1626249999999998,1.1366169610686383,1.6868749999999997,55.500667741546394,52.45781695920258,1.0697314507032716,116.75668650815764,21.705153256027092,61531.20253495608,737732.2607371114,0.38594936570632116,0.7282048746312234,-0.284201371549766,0.46041055873477527,1.5293295108396743,0.5296863893752864,0.9764946968552659,0.19166989704953136,0.014524875604249598,0.38594936570632116,0.931813866107268,10.0,0.7000001341094947,0.7805816523960792,4.999999999999999,71.12796272212051,1819.7466985776682,503.16494938037056,923.7817491972977,399722.4286236717,209296.92119717711,95208.54408922348,80506.39190085931,48770.210537784806,6662.040477061195,15309.682198682398,31736.181363074495,3.177665130418288,1.6638434092431809,0.7568773954264448,0.9062569074536628,0.38770753485785164,4858.84738384444,711.4631177415807,2834.8660711653847
60,scenario_60,0.15000000000000002,0.0,0.85,10.780553199623409,1.0780553199623402,1.0074469258788123,1.5459255332705686,71.92252857356823,52.45781695920262,4.0,114.35031555170656,47.37732864537002,250094.2891674601,1386426.5304932815,-0.25674427200047817,0.6476987364590981,-0.25674427200047817,-0.22856672248967352,1.60061789233744,0.6097439765883773,0.27852466354088445,0.9749764848890065,0.8285662224636432,0.665769648294025,0.920191608643912,10.000000000000007,0.5609997990290626,1.0505492082636316,4.999999999999996,77.00000626355477,2105.774102794267,697.4171771077868,1015.5569256864806,542942.8388408965,252441.40635565846,152709.16118696396,111586.7483372459,60683.69460825791,9049.047314014942,18465.62139083057,50903.05372898799,3.1140204552603605,1.4478645759919002,0.8758554632695118,1.028407188266059,0.3480481789101627,890.3422319243073,911.2582528457078,5278.7756574346395
61,scenario_61,0.15000000000000002,0.05,0.7999999999999999,10.63797217512532,1.0637972175125323,0.9968890679422082,1.5221620291875526,70.39232087120602,52.45781695920261,4.0,112.48037269972673,45.35898161393857,235909.10727118526,1375707.7350272906,-0.22015575899680254,0.6611133329139218,-0.23540790783740245,-0.17439931247500273,1.5953804446884572,0.6719551300909333,0.333399083935854,0.9620334029262654,0.8151152901760413,0.6080610803414725,0.887089946051445,9.999999999999996,0.586914487913348,1.0528080526590002,4.9999999999999964,77.00000378624812,2054.850283235669,665.6091589810251,996.4411242546441,531538.1026792692,246297.65149582803,143396.68128674367,106497.46543696403,58698.57167471614,8858.96837798782,18016.217100157788,47798.893762247884,3.1942956043032575,1.4801337882602628,0.8617470439034722,1.0195137687596538,0.35275098536550936,896.2781602134621,928.4981632109492,5200.934828719604
62,scenario_62,0.15000000000000002,0.1,0.75,10.534982138413284,1.0534982138413278,1.0095480556279082,1.5049970230688805,69.1509645390018,52.457816959202596,3.8655130245272775,110.41332365758117,42.93243439295247,218908.29115568305,1359258.6426043017,-0.17080424743261616,0.6714645868029864,-0.2118225287123346,-0.10927682551303844,1.590961358413003,0.7407238120440092,0.39937157045032595,0.9421709144480633,0.7944734532200008,0.5531540280568465,0.8576739146876815,10.000000000000005,0.6091101807228648,1.0544260868038566,4.999999999999997,77.00000638442157,2018.3525868641104,641.555162013347,983.9974248507634,523341.19488252536,240880.2132812932,136446.17004100842,102648.82592213554,57166.769241799404,8722.353248042089,17619.941527057556,45482.056680336136,3.262953684232924,1.501851921978811,0.8507213603445045,1.0124322562922177,0.3564262132184985,938.8715633619961,941.3257975750888,5098.902362536835
63,scenario_63,0.15000000000000002,0.15000000000000002,0.7,10.451088130100784,1.0451088130100783,1.0117743878153667,1.4910146883501305,68.0722582526305,52.457816959202574,3.6802224919043285,108.49218592774213,40.585647258110825,202429.15946375538,1339197.3604156275,-0.11809846152517488,0.6793832584566492,-0.18990202233543016,-0.0462949007149196,1.5869904090196363,0.8046381686159384,0.4631755554981669,0.9179466608489035,0.769298707682734,0.5030795569203613,0.8327347212113483,10.0,0.6293478026650869,1.0557347967059492,5.0,77.00000967258448,1988.8001425555929,622.7941494160501,973.2059931395427,516689.6961713144,236921.52530021267,130956.35389811064,99647.06390656804,55994.945940531165,8611.494936188574,17330.370832145185,43652.11796603688,3.318526332694535,1.521668278498487,0.8410891722146014,1.0059276578083958,0.35963694259513285,1000.9638307549897,952.0164495834854,4987.703120178797
64,scenario_64,0.15000000000000002,0.2,0.6499999999999999,10.370262577654785,1.037026257765479,1.0156315712148234,1.4775437629424641,66.94982320848129,52.45781695920255,3.49668045619349,106.82531990838693,38.38679245471206,187012.8337574987,1316198.4422219205,-0.06596869189878664,0.6869209847486086,-0.17088279917448482,0.012716888557987006,1.582722637431209,0.8600931562849515,0.5229575855406551,0.8901751743810434,0.7404375457832286,0.45819536259452326,0.8122193538985519,9.999999999999995,0.6513987448214089,1.0569868534099571,5.000000000000003,77.00000824991261,1960.4798279143306,604.8348215539105,962.84500636042,510303.11948682304,233063.47848659594,125682.22690746245,96773.5714486257,54879.49581280488,8505.051991447051,17048.16185226026,41894.07563582082,3.374826324818921,1.541336379329624,0.8311838037668937,0.9989995431988518,0.3629387320777021,1070.2586172330896,962.5276363734213,4871.801518142798
65,scenario_65,0.15000000000000002,0.25,0.6,10.29679098699324,1.029679098699324,1.0189590968239468,1.4652984978322072,65.84955197446881,52.45781695920259,3.3123982684274598,105.44026551975197,36.37551399298479,172905.17936989194,1290777.6744424184,-0.016470538042654588,0.6936029869477904,-0.15507909437661174,0.06669459575771972,1.5783979269099644,0.9061725490800462,0.577639827058802,0.8594792737110621,0.7085372238500566,0.4185341190929721,0.7960234033533448,10.0,0.67406925309034,1.058117667482039,4.999999999999998,77.00001534262182,1934.8666838349632,588.7413889102237,953.3252949247395,504516.6166801154,229597.5637689176,120923.83354494395,94198.62222563582,53890.6777106545,8408.610278001923,16794.636609022677,40307.94451498132,3.4277638785612763,1.5599213379165264,0.8215752167095113,0.9920145565287801,0.3661415944301629,1148.6527728554997,972.2681058319788,4753.339826434826
66,scenario_66,0.15000000000000002,0.30000000000000004,0.5499999999999999,10.227705101326702,1.0227705101326703,1.0238211356806264,1.45378418355445,64.7265631430825,52.457816959202574,3.132203449041647,104.3262420584525,34.52392754734927,159900.38151610375,1262873.6594767473,0.03013507841554855,0.6997814247608382,-0.14236789829308993,0.11638656676986779,1.5738323085261194,0.9432350103648782,0.6279803935883205,0.8257848204549895,0.6735206945164807,0.38399716727106115,0.7840610208814721,10.0,0.6983592096249638,1.059175091258055,5.0,77.00004631311721,1910.897710359605,573.7052629586498,944.3924474009553,499092.71363031236,226293.21324136195,116449.39153558815,91792.842073384,52976.37822818796,8318.21189383854,16552.929487099624,38816.46384519605,3.479784801390498,1.577766339979852,0.8119109170102299,0.98472082237915,0.3693630276632568,1235.9203510237091,981.5932553727785,4631.581424123943
67,scenario_67,0.15000000000000002,0.35000000000000003,0.49999999999999994,10.225009617627155,1.022500961762716,1.0335044061245464,1.4533349362711925,64.65184009594557,52.457816959202574,2.917898811089289,103.7175265763449,33.28142724911542,151117.3578056547,1240827.6865774132,0.06418582174558582,0.7003694837942,-0.13542235170368527,0.14973218179527342,1.5735228868892221,0.9634863737991586,0.6617612462585393,0.7991640275599484,0.6458553761862521,0.3550205989659189,0.7757214060403368,9.999999999999995,0.7000000131476796,1.0592137933720738,5.0,77.00000044836489,1909.9604065011852,572.4934566947685,944.6669498064168,498879.7112863056,225767.03554026905,116128.79152650519,91598.95307116299,52889.35589566127,8314.66185477176,16514.440562667827,38709.59717550172,3.4856622758033646,1.5774296310299263,0.8113894764629287,0.9843850004505909,0.36953684117902375,1345.9900955276478,981.9592827597085,4540.591263545382
68,scenario_68,0.15000000000000002,0.4,0.44999999999999996,10.261762728153695,1.0261762728153692,1.0424460659476142,1.459460454692282,64.36032310465538,52.45781695920255,2.7155105662897436,103.2731830605116,32.027900610955385,142103.6351979567,1214454.8399116902,0.09781207086832894,0.7016808226324651,-0.13035231704605776,0.18337371633622393,1.5723088711692943,0.9782692441109989,0.6958418808805753,0.7673184795160201,0.6127602979325919,0.32953877304724727,0.770370454751089,10.000000000000004,0.7000002850933312,1.049683685981237,5.000000000000003,76.82392448208853,1906.4072078853499,569.6584218505467,943.9487860348033,495400.20757922746,224753.1674154643,115350.13964170097,91145.34749608749,52695.30094885384,8256.670126320458,16440.277986871926,38450.04654723365,3.478577256664862,1.5781609385171493,0.8099600407344718,0.9822110434439867,0.37001331975517604,1470.3847095430615,972.8276298514628,4436.870119090761
69,scenario_69,0.15000000000000002,0.45,0.39999999999999997,10.459135345542224,1.0459135345542225,1.0504154914715955,1.492355890923704,62.80754465447179,52.457816959202574,2.546917940376528,102.99349230709689,30.408680904984415,130436.91644870226,1175306.5043064756,0.1383319073050545,0.7075308942803535,-0.12716099825169816,0.22682954249063875,1.5656524773783986,0.9875742794897571,0.7398649063928199,0.7200463659608292,0.5636333588965017,0.3084524879416334,0.7690938961845641,9.999999999999998,0.7000006893030545,0.9996452310959916,5.0,75.87275485459966,1886.0393558136727,556.1282263282154,937.1111294854572,476736.85941699805,220959.87818210805,111452.76709020142,88980.51621251449,51829.59384911401,7945.6143236166345,16162.805904061606,37150.922363400474,3.428970779380205,1.5892728886715564,0.8016335932168583,0.969756057105919,0.37278880226104716,1607.592425577777,925.4293985571816,4289.463158769304
70,scenario_70,0.15000000000000002,0.5,0.35,10.665233720896921,1.0665233720896923,1.0580660147598921,1.5267056201494866,61.29918186801744,52.45781695920258,2.3758830164857003,103.03998639049928,28.918502328825642,119641.32597059288,1133391.4110719294,0.1757805960489521,0.71268723880433,-0.12769150360583328,0.26682222594538774,1.558863586027859,0.9860274672134115,0.7803795871579601,0.6694333573506762,0.511034437430443,0.2931194405324739,0.7723955887337285,9.999999999999998,0.7000000183117199,0.9522066431985848,4.999999999999999,74.93017329812177,1868.0360268996815,543.814550700856,931.4214762124019,459354.078175411,217780.67262252615,107831.34606719737,87010.32811213698,51066.546089737865,7655.901302923517,15930.252904795892,35943.78202239912,3.3787553318196846,1.6018745533149508,0.7931479283018575,0.9572867693899173,0.3756173572327142,1769.3554860260163,880.0244533615074,4137.189561554013
71,scenario_71,0.15000000000000002,0.55,0.29999999999999993,10.87488943781297,1.0874889437812973,1.0672528574101068,1.5616482396354945,59.87154085946206,52.45781695920255,2.207995912627883,103.42933397713253,27.583582097555073,109886.07983141685,1089805.1185363822,0.20948055034185992,0.7171191613061706,-0.13213402541104585,0.3026481619108342,1.5521229101624174,0.9730742571983324,0.8166731347113452,0.6168023543121792,0.4563383410804923,0.2835378875634496,0.7801720689646435,9.999999999999996,0.7000004189343773,0.9083703914065168,5.000000000000003,74.02073746797424,1852.7889708999776,532.8628210798045,927.1261498201729,443588.9594279952,215181.63874030198,104542.05420055441,85258.05137276874,50410.699972583934,7393.149323799919,15740.138389336904,34847.3514001848,3.329854828521135,1.6152873139413504,0.7847577279924177,0.9451637752094553,0.3784140906691941,1955.8332932945993,837.6435937093235,3983.7494435197677
72,scenario_72,0.15000000000000002,0.6000000000000001,0.2499999999999999,11.079718972218577,1.1079718972218575,1.0768199826589413,1.5957864953697631,58.567951324210895,52.45781695920258,2.0429355925598327,104.1532561029842,26.400349711147108,101113.68666663734,1044975.9780747643,0.2394437191180589,0.7207658310483669,-0.14039409928791635,0.3344031737195527,1.545680921734593,0.9489900824078715,0.84884262310237,0.5626705965829711,0.40008260462448625,0.2796034404946657,0.7923217353683455,10.000000000000002,0.7000004104051853,0.869244916791813,4.999999999999999,73.17509819712353,1840.403015290839,523.4753670551017,924.1276482357374,429753.70334403205,213183.9921602245,101655.0040748371,83756.0587288163,49871.05737053726,7162.561722400534,15594.014241349754,33885.001358279034,3.2838504379809375,1.6289896761295697,0.7767701058921974,0.9338002020756561,0.3810766313692675,2172.0712423703076,799.5021243654859,3830.013154103931
73,scenario_73,0.15000000000000002,0.65,0.19999999999999996,11.279457183228814,1.1279457183228812,1.086824185249469,1.6290761972048022,57.37442380626371,52.457816959202574,1.8814487467409822,105.2195076468254,25.34816071952335,93154.83839181924,998767.6378035041,0.2660410226330949,0.723763471388005,-0.15256020971463385,0.3626413070210323,1.5395261264883418,0.9135169456775101,0.8774493295617504,0.5068734375280419,0.3420961211540949,0.2812520423372949,0.8087442935723727,10.000000000000002,0.7000002507862976,0.8341778791922434,5.0,72.3877477589652,1830.4098973634443,515.3936794915677,922.2162178718766,417547.7464519503,211675.6596391164,99106.587245187,82462.98871865084,49427.45963692185,6959.129107532504,15483.68251063907,33035.52908172899,3.2406120840586032,1.6428269733376082,0.7691719257632724,0.923141907742394,0.3836093580789092,2424.25746237525,765.0751679776658,3675.0137188482736
74,scenario_74,0.15000000000000002,0.7000000000000001,0.1499999999999999,11.47628869718416,1.1476288697184163,1.0967466946842597,1.6618814495306928,56.26510533760015,52.45781695920258,1.724643032988955,106.6501168639017,24.40949652530658,85863.83708045595,950965.5959333665,0.2895886432121755,0.7262400506036604,-0.16888370280870085,0.38783271735950614,1.5335714480590634,0.8659219886918059,0.9029695462544295,0.4491518635065364,0.2821097140578483,0.2884668038390264,0.829339760207852,9.999999999999996,0.7000008171535395,0.8022331773055336,4.999999999999999,71.64438911932184,1822.287242756211,508.3382128709577,921.1490298852533,406583.94107710547,210571.53226780522,96819.43298618292,81334.11405935325,49060.969730625606,6776.399017951758,15402.917638107972,32273.144328727638,3.1993183339952234,1.6569404143635296,0.7618505202618764,0.9130025109383588,0.38604982657937453,2719.7990441462025,733.5353739780223,3517.640644141779
75,scenario_75,0.15000000000000002,0.75,0.09999999999999998,11.626250000000002,1.1626250000000002,1.105508054063324,1.6868749999999997,55.46209866572754,52.45781695920256,1.5742939220346988,108.33313126408561,23.62526745416706,79533.79907515805,904432.5329757339,0.30938503090639846,0.7278583858731793,-0.18808718172571964,0.4088794734328221,1.5291123886209392,0.8099297603271806,0.9242910113273342,0.39296259767447766,0.22371573863740504,0.30081810167949913,0.8540039823120256,10.0,0.7000001345388336,0.7794971307136489,5.000000000000003,71.09922032787291,1817.2183855625206,503.4862503913103,920.9321351712103,398889.67071500607,209931.30894555178,95208.94595697192,80557.80006260968,48821.48474361904,6648.161178583435,15356.086487683879,31736.31531899064,3.1690213617947918,1.6678215842628692,0.7563975849030661,0.9055321170985828,0.38786747169897795,3058.427772846045,710.9687009364122,3366.4719025701343
76,scenario_76,0.15000000000000002,0.8,0.04999999999999993,11.62625,1.1626249999999998,1.1056047995839446,1.6868750000000001,55.46221111701306,52.457816959202574,1.4171287328372304,110.09552182881052,23.017662590680295,74206.7193936657,860448.4484374278,0.32517832309668215,0.7278596307011694,-0.20819635610328258,0.4251860754466756,1.5291130220974105,0.7512967652934155,0.9408104523321618,0.33985125572922864,0.1685204562258641,0.3173454297531413,0.8823354394462033,10.000000000000002,0.7000001916059279,0.7795003551788742,5.0,71.09930584275196,1817.2259026620193,503.4849793232182,920.9409233388009,398892.145786083,209929.19129618752,95208.88848184183,80557.59669171493,48821.30053110099,6648.20242976805,15355.931585554456,31736.296160613943,3.169049025631482,1.667808970812779,0.7563990378407799,0.9055343441733693,0.3878669873864067,3469.8364523360337,710.9701714302671,3223.9033438482816
77,scenario_77,0.15000000000000002,0.8500000000000001,-1.1102230246251565e-16,11.626249999999999,1.1626249999999998,1.1061431196917448,1.6868750000000001,55.46283094739164,52.45781695920257,1.2745523647291819,112.2403354792298,22.47764710193377,69183.23341762494,814870.7078273066,0.33882657847599107,0.7278665652446573,-0.23266904255935797,0.43967874689399383,1.5291165137673821,0.6799409315579946,0.955492286767866,0.2848155537919107,0.11132530732002129,0.33882657847599107,0.9141595834863854,10.0,0.7000006305424927,0.7795182670365312,5.0,71.09978087026496,1817.267660040938,503.47787030534863,920.9897897355893,398905.89486329595,209917.4119781017,95208.55472249856,80556.4592488558,48820.27434135627,6648.431581054932,15355.069950250032,31736.184907499523,3.169203004861905,1.6677389363770145,0.7564070664298042,0.9055466823208025,0.3878643111900652,3940.6256215961844,710.9783399469765,3077.8681195538948
78,scenario_78,0.2,0.0,0.8,10.625602372338548,1.0625602372338545,0.9867426789648437,1.5201003953897578,70.2647067110434,52.45781695920258,4.0,112.33224789234336,45.22873406379671,234930.54011518572,1374715.8702629306,-0.23371777873609262,0.661853608247221,-0.23371777873609262,-0.17090379245685347,1.5949333537295471,0.6768830962691011,0.3369402286005702,0.9608357135980383,0.8138706068693959,0.6043529297482982,0.9040451901322509,10.000000000000004,0.5891573017739632,1.0530028325039986,4.999999999999999,77.00000024909609,2050.4535977620494,663.5422241450224,994.1113736170265,530551.6328230825,246251.2800212768,142733.19552081698,106166.75586320362,58589.02402293129,8842.527213718042,18012.825112667466,47577.73184027233,3.198299149729022,1.4844648678602046,0.860431727338705,1.0185802156887902,0.3531894242204317,896.9381334561784,930.0218536571421,5194.276271005242
79,scenario_79,0.2,0.05,0.75,10.529564129784504,1.052956412978451,0.9882189805033263,1.5040940216307508,69.11967234642185,52.45781695920256,3.8594537166855796,110.32999511970853,42.91405422931188,218654.329183906,1358687.7968782056,-0.19045409833796123,0.6710651160436424,-0.21087173600369916,-0.10878354767500946,1.5908479107315567,0.743496070273853,0.3998712867086479,0.9414816109676131,0.7937571033994686,0.5477043029651111,0.8748039866159129,9.999999999999995,0.6097107404575635,1.0545106887801174,5.000000000000003,77.00000309778846,2016.4388702538592,641.8577360167184,981.7811342371415,522910.8039448085,241694.85633876198,136414.06174874675,102697.23776267498,57225.88384642606,8715.180065746808,17679.531158113143,45471.35391624892,3.2587333585159945,1.506220726347787,0.8501202312856041,1.0118500405584008,0.35662658957146537,941.1189486668843,942.0095053935456,5095.1683104915555
80,scenario_80,0.2,0.1,0.7000000000000001,10.44534652143938,1.044534652143938,0.9913540442764259,1.4900577535732302,68.03544581544563,52.457816959202574,3.683279468557768,108.45371203579514,40.617663989446086,202540.4720341935,1339069.4161450707,-0.14202673584275607,0.6790650547011187,-0.18946302872207862,-0.04715415008411102,1.586852672621765,0.8059181570365582,0.4623050909310712,0.9177921665136274,0.7691381514219764,0.49578868524255665,0.8498686570599581,10.0,0.6300823239720739,1.0558240866430033,5.0,77.0000108257952,1986.783552826728,622.9571431559918,971.0264096707374,516235.3516677173,237644.3338210196,130893.32531557334,99673.14290495872,56042.03446643427,8603.922527795288,17383.242936907915,43631.10843852445,3.3147407158854847,1.5259112857560548,0.8404643995408649,1.005327869448564,0.3598452001530451,1000.4936266882479,952.7562350988605,4986.512077278021
81,scenario_81,0.2,0.15000000000000002,0.65,10.369354287964143,1.036935428796414,0.9939107153027147,1.4773923813273566,66.98510098523089,52.4578169592026,3.508133553006018,106.86710896339402,38.5355330807899,187940.9828299872,1317421.4406695396,-0.09418047088360913,0.6861225608901907,-0.17135961935897243,0.008725060416875239,1.5828589491204075,0.8587028756605891,0.5189136547804342,0.8916519605738638,0.7419722769345938,0.44931881519822275,0.8291513977221945,10.000000000000002,0.6507240256171165,1.05700507839393,4.999999999999997,77.00009055132077,1960.1702192743965,606.1403651415436,961.2298541329119,510234.5159148901,234037.65459882887,125954.43001544975,96982.458422647,54997.6484174971,8503.908598581502,17119.421030840258,41984.81000514991,3.3671046856992737,1.5444452675193625,0.831189851453218,0.9988308126241445,0.36293671618226087,1066.2665044121968,962.6488759229579,4877.0827287108805
82,scenario_82,0.2,0.2,0.6000000000000001,10.29848597984855,1.0298485979848548,0.996452319087825,1.4655809966414246,65.93178018259117,52.457816959202596,3.3346372172760983,105.52971366698253,36.61513542141492,174472.51218823183,1293528.1138734194,-0.04791797987507196,0.6925657898803612,-0.15609971286289492,0.060263753112751006,1.5787261225014548,0.903196697485444,0.5711250469964297,0.8628004643338286,0.7119887287010379,0.408026045270594,0.8125446274966719,10.000000000000002,0.6723741768276102,1.0580944316205052,4.999999999999997,77.00006926680365,1935.4612444641637,590.6399626949176,952.0212817692825,504651.88894453837,230693.76355841733,121374.68851641928,94502.39403118682,54044.16452571373,8410.864815742307,16874.82159362497,40458.22950547309,3.417661660697385,1.5623308826299467,0.8219876485337838,0.9921468682553254,0.36600411715540543,1139.397056308947,972.04263582737,4765.038014476083
83,scenario_83,0.2,0.25,0.55,10.233125515340067,1.0233125515340062,0.9988803657068785,1.454687585890011,64.88598277558822,52.457816959202574,3.1621093288059985,104.43658321675751,34.8479694474529,162057.52748812758,1267495.858373947,-0.0040063549113807315,0.6983628124817783,-0.14362690956890437,0.1076900888146382,1.5744900692122001,0.9395640689081939,0.6191704064181458,0.8313661844584695,0.679321055628261,0.3718237208854222,0.7999568168383335,10.000000000000004,0.694876645697594,1.0590910273268614,5.0,77.00001734632164,1912.7718741703748,576.5241719448269,943.4477022255501,499516.73447572114,227629.91294245634,117172.67929472048,92243.86751117231,53186.30774626549,8325.278907928687,16650.70659486486,39057.55976490683,3.4657123415357822,1.5793260648522494,0.8129593518998806,0.9853426639429937,0.3690135493667064,1221.32595732543,980.8550856747966,4650.415219529316
84,scenario_84,0.2,0.30000000000000004,0.5,10.219725887526852,1.0219725887526843,1.002076122580294,1.4524543145878082,64.65429452753091,52.45781695920261,2.9632794617375824,103.7693027061404,33.58618887796344,153138.32394875615,1245775.9372571334,0.030526632555322793,0.6996363497121414,-0.136013126100401,0.1415531383258053,1.5735330618374197,0.9617638330514209,0.6534754472947203,0.8051391032410746,0.6520648971204072,0.341295764837865,0.7909649524192376,10.000000000000009,0.7000000090323653,1.0592942122997158,4.9999999999999964,77.00000015787093,1908.1318492524379,573.4716141927204,941.8602350597175,498465.49288724014,226883.34400239983,116272.834506672,91755.45827083527,52997.84676861127,8307.758214787336,16596.0964594348,38757.611502224,3.476827661916157,1.5825253657709628,0.8110102165761073,0.9838606574232258,0.36966326114129766,1321.9625924208294,982.679628925746,4559.562399449055
85,scenario_85,0.2,0.35000000000000003,0.45,10.22152468275371,1.0221524682753715,1.013277994336823,1.4527541137922846,64.65345790895257,52.45781695920257,2.7624451135784955,103.32797722385298,32.474396753395666,145186.8974792311,1223500.1844768624,0.06143872623150488,0.6999131082088544,-0.13097752771590537,0.17139087134431075,1.5735295936870999,0.9764462963652613,0.6837026319588358,0.7782408482149767,0.6241112298213656,0.31464135284694217,0.7847935621553843,9.999999999999995,0.7000006062936963,1.0592677020034806,5.0,77.00001711137396,1908.7558464455597,573.0999353715654,942.8559110739941,498607.108277267,226469.67126206224,116217.29475516007,91695.98965945048,52956.891407730465,8310.118471287784,16565.837064539737,38739.098251720025,3.4800709440247863,1.5806644341373526,0.811148545531148,0.984052956383413,0.3696171514896174,1437.848346396438,982.4346857305453,4470.811223430955
86,scenario_86,0.2,0.4,0.4,10.367299786692584,1.0367299786692585,1.0205332952500399,1.4770499644487636,63.48038238957713,52.45781695920258,2.6001293477413645,102.98903380959324,31.03264849171397,134798.44577014082,1190203.729750535,0.0976858284642492,0.7045132071509778,-0.12711012604121463,0.21008380571698113,1.5685767545462805,0.9877226093022412,0.7229005989006893,0.7380349553085471,0.5823277701628573,0.29154260514369246,0.7819187435441428,9.999999999999998,0.7000000150132627,1.021176746722906,4.999999999999999,76.28586576085661,1892.9777851180936,562.606753859681,937.5710312584124,484337.503213795,223395.06194383453,113222.76739386664,90017.08061754899,52276.15815292677,8072.291720229917,16340.93508663234,37740.92246462222,3.4435242726189728,1.5882856749320227,0.8049869050957418,0.9747692034422646,0.3716710316347527,1560.4185750519507,946.4444101001733,4343.762209214382
87,scenario_87,0.2,0.45,0.35000000000000003,10.550087697930294,1.0550087697930302,1.027691868332932,1.5075146163217166,62.09384269692755,52.45781695920257,2.4423011830923373,102.90012983592771,29.609648407486887,124516.54873636467,1152630.1575704098,0.1330830311094838,0.7095103980942906,-0.1260957166673327,0.2482735856769578,1.562481332541731,0.990680356779303,0.7615888440973408,0.692664388634023,0.5351769893870004,0.27381591650661463,0.7832835872215721,9.999999999999993,0.7000001157400244,0.9770549409795182,5.0,75.42762025187676,1875.6180831969002,550.8925452309994,931.9255379659006,468036.90015002695,220202.72322654695,109818.43478803056,88142.80723695992,51536.6623076164,7800.615002500449,16107.421421201117,36606.14492934352,3.3983897890923203,1.5988796735974118,0.7973855209239156,0.963490986324144,0.37420482635869484,1701.160317889721,904.4027355948244,4205.26941160437
88,scenario_88,0.2,0.5,0.30000000000000004,10.736544208231358,1.0736544208231358,1.0353359018589663,1.5385907013718922,60.76895073121852,52.45781695920259,2.285179682030021,103.09596027985663,28.31174792057839,115074.50768787772,1113264.0774025018,0.16555280985575538,0.7138877018262627,-0.12833017514902384,0.28310600385766704,1.5563970449393516,0.984165271147228,0.796875906153731,0.6451293457477498,0.48577680440848364,0.26162000822157383,0.7888098110306361,10.0,0.7000004510232566,0.93580550224096,4.999999999999998,74.59289949863305,1860.492459330322,540.3242525827516,927.3682067475703,453047.54035170394,217525.8745731615,106688.9448335889,86451.88041324027,50888.89880204397,7550.792339195066,15911.61489933311,35562.9816111963,3.3538938012583017,1.6103358198961983,0.7898142222831228,0.9524332568672117,0.37672859257229246,1863.054807831619,864.7298984146078,4064.5497413543944
89,scenario_89,0.2,0.55,0.25,10.918347570334333,1.0918347570334328,1.0431046692722068,1.568891261722388,59.55486132597858,52.45781695920256,2.1325380424244225,103.5671475655623,27.161216446745993,106613.04614050995,1073245.6134911876,0.19459942955285306,0.7175528979371456,-0.1337065017603871,0.31398340457584945,1.550583898586162,0.9684893351000635,0.828156328593249,0.596806541187242,0.43555794819158633,0.25483905921253636,0.7983854830431102,10.000000000000005,0.7000001018084422,0.8987860804470177,5.000000000000003,73.81504016499119,1847.921230228403,531.1749009839137,923.9463292444889,439802.1493377101,215398.96343152891,103924.40859663353,84987.98415742622,50346.51462521506,7330.035822295169,15756.03528804702,34641.46953221117,3.311919659780981,1.62205678794339,0.7826002953387345,0.9420500500407103,0.37913323488708855,2045.6595858207247,828.8363015796575,3925.1940850860733
90,scenario_90,0.2,0.6000000000000001,0.19999999999999996,11.097810895647122,1.1097810895647122,1.0516696738058025,1.598801815941187,58.42473831416795,52.45781695920257,1.983269248645897,104.3181499167795,26.126072061647072,98887.82281462081,1032077.2027875237,0.22075418590370557,0.7206736612872296,-0.14227556558815654,0.3417641030676596,1.544955675960051,0.9435042279333455,0.8562996296573502,0.5470951612375129,0.38389603277206535,0.2533825552773775,0.8118996556285819,10.0,0.7000007089251357,0.8649994489232802,5.0,73.07962051835149,1837.4001932583483,523.103028277558,921.4971649807906,427893.81874801224,213688.47596844874,101435.36297989456,83696.48452440929,49884.69686444443,7131.5636458002045,15630.916297692083,33811.78765996486,3.27196590818413,1.634006797261864,0.7756434774533405,0.9321708512584884,0.3814521741822197,2254.5148567303163,795.8392201602953,3785.0244989482203
91,scenario_91,0.2,0.65,0.15000000000000002,11.268119418140685,1.1268119418140687,1.0598085008603115,1.6271865696901138,57.40845087894887,52.45781695920255,1.83898497660541,105.33393305336523,25.20991388732517,91908.51562434378,990391.7086760404,0.24394743001909402,0.7232203320032454,-0.15386582295348591,0.366351507856811,1.5397051417125938,0.9097101253122222,0.8812079571268702,0.496759396490983,0.3315852334431825,0.25709310053270734,0.8292411066685575,9.999999999999998,0.7000000319890222,0.8351673639765581,5.000000000000003,72.40859247819108,1828.8988349882306,516.2325169036901,919.8663180845406,417515.0961482001,212399.6957226638,99268.10414514208,82597.20270459043,49507.83465620974,6958.584935803335,15536.644409343,33089.36804838069,3.2350933540755076,1.6457676629640878,0.769173586666272,0.9230933541231405,0.38360880444457596,2491.730526833995,766.5365441801257,3645.7290586205763
92,scenario_92,0.2,0.7000000000000001,0.09999999999999998,11.4277251209834,1.14277251209834,1.068291849835222,1.6537875201638994,56.50232020334594,52.45781695920257,1.7000171541411626,106.61659722347454,24.397286676541604,85559.6449353829,948188.3689575872,0.2644578132285654,0.7252942930224904,-0.16850123804299322,0.38816039930615354,1.534864440621384,0.8670371540530128,0.9033015052107707,0.4457983265824765,0.2786245937272072,0.26587449127842955,0.8502983171163898,10.0,0.7000006743597277,0.8090117356822514,5.0,71.80249564795012,1822.1649096004212,510.39836927265924,918.9665403277622,408532.6933134126,211432.98229918216,97388.44189225946,81663.73908362549,49200.925119538995,6808.878221890211,15465.931112625361,32462.81396408649,3.201677104851178,1.657003588005061,0.7632347417648875,0.9148519722841589,0.3855884194117041,2761.797941431244,740.7081849712466,3506.932802394371
93,scenario_93,0.2,0.75,0.050000000000000044,11.575880116979393,1.1575880116979398,1.0761118094007769,1.6784800194965648,55.697466353651556,52.45781695920257,1.5674569290221427,108.16389835301189,23.67895057920454,79768.3555020221,905613.4269710131,0.28247139250006803,0.7269628575256954,-0.18615620559175736,0.4074387519912215,1.5304326947683613,0.8155599722865166,0.9228314851281487,0.3943885422051577,0.22519763324204922,0.2796077045371671,0.8749550354136727,9.999999999999996,0.7000002123940444,0.7861272498124137,5.0,71.25774349347866,1816.8295211144207,505.468498878057,918.5610222363638,400756.0618982879,210743.10201054017,95762.85817753928,80874.95982048914,48954.0070946427,6679.267698304798,15415.46764706729,31920.95272584643,3.171363301869929,1.667705128832421,0.7578146483121735,0.9074011679566296,0.3873951172292754,3068.3954784081448,718.02152247904,3368.7453857045803
94,scenario_94,0.2,0.8,0.0,11.626249999999995,1.1626250000000002,1.0791009980710533,1.6868750000000001,55.431707619189694,52.457816959202574,1.4352981807442666,109.78135490889214,23.108937892582688,74874.24521824635,865777.3653846353,0.2972668471617577,0.7274833206018467,-0.2046116584189262,0.42273647355692867,1.5289410912718837,0.7617487887120854,0.9383288774541699,0.346285990773776,0.17520767227085432,0.2972668471617577,0.9030128597057531,9.999999999999995,0.7000000270027018,0.7786429776706294,5.0,71.0765552491722,1815.2271240777752,503.8851026469879,918.5420214307875,398234.2106892528,210542.34118889854,95233.88596708994,80621.61642351808,48876.987767821425,6637.23684482088,15400.782364743503,31744.628655696648,3.161309660454462,1.6713519814964672,0.7559968371107723,0.9049178257594083,0.3880010542964092,3419.4644866555486,710.5790634983288,3240.0556687756234
95,scenario_95,0.25,0.0,0.75,10.520207358710813,1.0520207358710818,0.9638333763654926,1.5025345597851356,69.03831270770996,52.45781695920257,3.852926734256338,110.20344621241796,42.85436029273524,218072.81954317403,1357605.8946834037,-0.20942779157110203,0.6708594101470683,-0.20942779157110203,-0.10718151101452322,1.5905524656835985,0.7477062275461456,0.4014942336646103,0.9401752002960576,0.7923994328281565,0.5419426267283418,0.8920579571085796,9.999999999999995,0.6112338306360678,1.0546576817601472,5.0,77.00001647377744,2013.1373517561142,641.531502075181,978.8058496809331,522168.4759880542,242550.3393817902,136166.14695726978,102645.04033202899,57256.324679605736,8702.807933134236,17742.1081584828,45388.71565242326,3.2557620275791925,1.5123206801050635,0.8490067690631502,1.0108826831249451,0.3569977436456167,943.8075629792585,943.1928249154453,5088.696180587771
96,scenario_96,0.25,0.05,0.7,10.443456581925668,1.0443456581925652,0.9656835630404303,1.4897427636542775,68.05283022189712,52.457816959202574,3.6849679245882596,108.45432065235048,40.717795995523076,203079.73344306182,1339329.868132724,-0.16619855159437152,0.6781225726878171,-0.1894699731398968,-0.04984144386674516,1.586917736205972,0.8058979089643199,0.45958272172949566,0.9181066656039637,0.7694649905767312,0.48876592792540036,0.8671282792503293,10.000000000000016,0.6297780326917755,1.0558535644272045,5.0,77.0000130853162,1986.120105794152,624.3709152689428,968.9491905252103,516085.89107920177,238873.47611064248,131153.52394132124,99899.34644303088,56181.50512925713,8601.431517986697,17473.152419204405,43717.84131377375,3.306277588903396,1.530330579269533,0.8402282728677576,1.004935634827444,0.35992390904408084,1000.3238711137922,953.0000199924496,4987.493268677667
97,scenario_97,0.25,0.1,0.65,10.369670765686894,1.0369670765686896,0.9680204400107508,1.4774451276144815,67.03846733801191,52.457816959202574,3.5180241420973704,106.91774495072917,38.71038717249199,189008.6852886735,1318673.968558358,-0.1216602998515357,0.6849958464108733,-0.17193738453740845,0.004032411863146181,1.5830648815639627,0.8570182663274613,0.5141597562751625,0.8931644039428068,0.7435440643499134,0.4407225368794062,0.846227404772206,9.999999999999998,0.6496830319866268,1.0569963240127334,5.0,77.00001480314705,1960.2736361796915,608.0278015384225,959.4458346412703,510256.6784223924,235339.02213842893,126360.19806133649,97284.44824614763,55164.38222570214,8504.27797370654,17214.613656422116,42120.06602044549,3.3567983380453907,1.548212246499109,0.8312790812632045,0.9986696388311546,0.3629069729122653,1062.87863086119,962.6055341884545,4882.634845434588
98,scenario_98,0.25,0.15000000000000002,0.6,10.303023350586301,1.0303023350586302,0.9715898649238617,1.4663372250977167,66.05450599651847,52.457816959202546,3.3511206697608342,105.62546233600877,36.86872345378072,176105.03469981885,1296193.8753207994,-0.0781983577606553,0.6911350610787027,-0.15719222136833438,0.05345808158547648,1.5792144354192401,0.9000112337477955,0.5642305456651573,0.8660194052135225,0.7153339718150966,0.39792103998479583,0.8292490334148359,9.999999999999998,0.6698324033004002,1.0580223693707949,5.0000000000000036,77.00002114884107,1937.0351630750067,593.3411006104734,950.8940624645342,505007.00933539367,232099.40355317714,122036.06706874537,94934.5760976758,54255.88707476067,8416.783488923227,16977.641556204624,40678.689022915125,3.4044970679820072,1.5646945968474184,0.822704288937244,0.9924681998250564,0.36576523702091873,1132.4405726465739,971.4350238713108,4776.542776713905
99,scenario_99,0.25,0.2,0.55,10.240182767569074,1.024018276756908,0.974563845473293,1.4558637945948454,65.06071460466309,52.45781695920256,3.1859269637710783,104.54896420474611,35.15958213606355,164108.97592920664,1271640.471447567,-0.03635969537881667,0.696771050012136,-0.14490919564635973,0.09932717995561217,1.575207304832886,0.9358252643307569,0.6106983421948292,0.8363708575008759,0.6845220980390855,0.3601252910010296,0.8160999561471368,9.999999999999995,0.691078893031348,1.0589832389914005,5.000000000000003,77.00001339116092,1915.2161218622612,579.6909531756465,942.7251686866153,500070.1672632307,229089.77494636114,117986.07623719788,92750.55250810346,53421.86042903751,8334.502787720512,16757.492797002342,39328.69207906596,3.4505983888398495,1.5807717798000331,0.8141308784679139,0.9860432010870994,0.36862304051069544,1209.727243966478,979.8963222025056,4667.546255075607
100,scenario_100,0.25,0.25,0.5,10.216593009337156,1.0216593009337163,0.9810565166136191,1.4519321682228596,64.6557495500271,52.45781695920259,3.0055589021790965,103.84744324486962,33.86299812635991,154988.3361094171,1250161.6132999093,-0.001390227848102235,0.6990677989644846,-0.13690472286147878,0.1341242671652743,1.5735390933289601,0.9591641744337741,0.6459496121290249,0.8104348628871824,0.6575684475588782,0.328089109855388,0.806495878084291,9.999999999999995,0.7000002932244929,1.0593423210155175,4.999999999999998,77.00000870277424,1907.048751257676,574.2422505676336,940.0065006900425,498220.24942065694,227709.95997194105,116390.33361243481,91878.7600908214,53081.98222000979,8303.670823677616,16656.561886836425,38796.7778708116,3.4704534466293304,1.586159567651817,0.8107402999161691,0.9834829360222297,0.369753233361277,1300.1545685329438,983.1074062872474,4576.923033544683
101,scenario_101,0.25,0.30000000000000004,0.44999999999999996,10.217814582460665,1.0217814582460674,0.989523672202455,1.4521357637434442,64.65518234360144,52.45781695920255,2.8167136589654063,103.39364779334964,32.814598635558184,147516.1265867556,1229945.5375422249,0.02862999982649498,0.6993047932501556,-0.13172684001927004,0.1622606996979658,1.5735367421256008,0.9742615013191284,0.6744532903886175,0.7860236940831041,0.6321994527869917,0.3002362536587185,0.7996120247837641,9.999999999999991,0.7000000959245041,1.0593234359039416,5.000000000000003,77.00000286393752,1907.470815385829,573.9199561396464,940.7508592461825,498315.78044324415,227368.8364456251,116340.84517056146,91827.19298234348,53046.91125882299,8305.263007387402,16631.60933259665,38780.281723520486,3.473068152535149,1.5846728033294002,0.8108506695122014,0.9836378210897471,0.36971644349593286,1405.234529581869,982.9405071940839,4495.442050810453
102,scenario_102,0.25,0.35000000000000003,0.39999999999999997,10.28599531612441,1.0285995316124341,0.9948548506832211,1.463499219354068,64.09988275328263,52.45781695920257,2.6416116275718395,103.02782314975295,31.58999348515554,138668.15214444717,1202599.3666459676,0.060676564971338415,0.7015856682441883,-0.1275527189720184,0.19512605350230758,1.571214934035153,0.9864321262308555,0.707747613314532,0.7530028446415422,0.5978829575970407,0.2755591220216193,0.7955208340744169,10.000000000000068,0.7000000385576438,1.0412052120999293,5.0,76.66334652120904,1899.9504038784708,568.8041959944646,938.346207884006,491525.3379548798,225780.22836082146,114897.86773302936,91008.67135911435,52709.38211477123,8192.088965914663,16515.405593060088,38299.28924434312,3.4565521240259134,1.5877536062551731,0.8079959222674051,0.9793126311238017,0.37066802591086484,1524.2062493529907,965.8259431149908,4389.6226888938345
103,scenario_103,0.25,0.4,0.35,10.450814046287203,1.0450814046287196,1.0006252522417092,1.4909690077145323,62.80722946594295,52.4578169592026,2.4954871162092784,102.84101655328527,30.22810210936779,128840.25795715605,1168504.833637453,0.09433080786117357,0.706441964549084,-0.12542122411586312,0.23167582784682147,1.5656510928288763,0.9926469973622574,0.7447744470172863,0.7118332620507813,0.5550979957671396,0.25559932362826165,0.7952131698652523,10.000000000000007,0.7000002319650322,0.9996345449353493,4.999999999999997,75.86999703058615,1883.0193501842261,557.5730351693151,932.6463150149114,476034.6519847892,222606.58834683083,111662.84833189344,89211.68562709042,51990.73618312595,7933.910866413153,16283.259703147809,37220.949443964484,3.415047873254734,1.5969681050249003,0.8010634753740227,0.9689348602349053,0.37297884154199246,1648.7713609337102,926.4092534005432,4262.267524801963
104,scenario_104,0.25,0.45,0.3,10.618353602927936,1.0618353602927941,1.0007237494978352,1.5188922671546559,61.563734891967655,52.45781695920255,2.351194831750092,102.88079447318654,28.992729822822824,119844.63459111196,1133068.788777189,0.12529255846414553,0.7106133864719952,-0.12587509690869472,0.2648301447823901,1.5600783520492263,0.9913236252183599,0.7783615047137444,0.6690437868231781,0.5106295812453622,0.2408936652985105,0.7988067194727284,9.999999999999995,0.7000001844754018,0.9604436120312342,5.000000000000003,75.0938585661823,1867.6673483490817,547.5266559110348,927.3406924380472,461580.36625298194,220096.04813272957,108692.47620929011,87604.26494576558,51373.43954266887,7693.006104216365,16099.618335634847,36230.8254030967,3.372112471747728,1.6079293729837472,0.7940616226505769,0.9586064885591152,0.37531279244980764,1789.3025765879133,889.013888819846,4133.609885081304
105,scenario_105,0.25,0.5,0.25,10.788228877988807,1.0788228877988804,1.0155368964974167,1.547204812998134,60.39048651710813,52.457816959202596,2.2092549687023526,103.19299495661394,27.847019069060373,111519.37335187968,1096486.9665612236,0.1539063271760862,0.7145800660666426,-0.12943735722014885,0.2955781693742038,1.5546100056622465,0.9809370232013461,0.809510862368265,0.6248707708541779,0.4647233397142804,0.2316105803106348,0.8062073796980135,10.000000000000004,0.7000004320600948,0.9241855291290766,4.999999999999997,74.35056439755729,1855.1231876992492,538.0709601258285,924.2522275734206,448576.307942565,217532.09384390834,105914.73742740833,86091.35362013258,50786.44114432981,7476.271799042751,15912.069827471072,35304.912475802776,3.3347000019303388,1.6171256950424395,0.7873663161649908,0.9488745145232489,0.37754456127833647,1947.1549127087362,853.8930649108526,4004.7149418511394
106,scenario_106,0.25,0.55,0.19999999999999996,10.955272913160659,1.0955272913160654,1.0224353596592146,1.5750454855267764,59.2911962448608,52.457816959202574,2.0687345207239876,103.72748359401396,26.817026834293912,103900.71585283607,1058744.470339737,0.17985917199658044,0.7178260270253445,-0.135535962959099,0.32322059697643474,1.5492899866180905,0.9631551136464849,0.837514087786861,0.5792962262495069,0.4173605774849747,0.2273594530942593,0.8172807719442962,10.000000000000005,0.7000007915210353,0.8908462488653385,5.0,73.64318872938004,1844.0064849770106,529.9005671115726,921.3059178654382,436692.34088229714,215664.20206492854,103433.98315581503,84784.09073785163,50306.09635257996,7278.205681371618,15775.43700289755,34477.994385271675,3.296409688803747,1.6279597754762891,0.7807803167271311,0.9394221111412656,0.3797398944242897,2127.317734302406,821.5003379706028,3874.430841824966
107,scenario_107,0.25,0.6000000000000001,0.1499999999999999,11.108644518366365,1.1108644518366368,1.030104113928658,1.6006074197277278,58.3334815074073,52.45781695920257,1.933452339456881,104.47590870873879,25.91300259416285,97108.08461928464,1021244.6649926106,0.20290648151248789,0.7204519803345972,-0.1440756200826596,0.34748235717713266,1.544491684338851,0.9382557485947575,0.8620925202504853,0.5340147339647932,0.37030236612877754,0.2280158642049313,0.8319216593936997,9.999999999999996,0.700000657614623,0.8622993157886434,5.0,73.0184260715018,1835.242536905889,523.0924239385056,919.3501129673836,426658.4814927792,214217.3023325516,101331.85832065083,83694.7878301609,49917.50172327728,7110.97469154632,15669.598966918124,33777.286106883614,3.262585822064491,1.638083768980258,0.7748677188455195,0.9310371645078466,0.38171076038482665,2327.1344123715103,793.5783419544127,3747.4655538821717
108,scenario_108,0.25,0.65,0.09999999999999998,11.257350417502652,1.1257350417502656,1.0374927709478037,1.6253917362504415,57.44687006090704,52.45781695920257,1.8030845687787018,105.44764333317477,25.09969928458362,90875.86355590374,983152.3328642714,0.22362254068219858,0.7226857058405455,-0.15516327647541198,0.3693093934351257,1.539907008772153,0.9059270965075932,0.8842044499748888,0.4880177580496015,0.32250059756617855,0.23351034637059656,0.8500164424155362,9.999999999999996,0.700000656418166,0.8362863141086491,5.0,72.43279657243896,1827.8503908308319,517.0837818387555,917.9666089920764,417616.7705308138,213068.39269173305,99439.36567483596,82733.40509420089,49586.949869255564,6960.2795088468965,15585.558354302695,33146.45522494532,3.230554004581339,1.6482311004538532,0.7692321373625643,0.9231283002971481,0.3835892875458119,2551.3077151462758,768.010138286526,3620.5957101533963
109,scenario_109,0.25,0.7000000000000001,0.04999999999999993,11.395132778376652,1.1395132778376653,1.0447590651115282,1.6483554630627748,56.66004779051586,52.45781695920257,1.6789434401081216,106.62344800070682,24.379798963213297,85224.53046208872,945128.0927551015,0.24199574374436061,0.7245155756682007,-0.16857940656973358,0.3886297259993942,1.535718177386943,0.8668092354545608,0.9037769577062931,0.4421030041142875,0.274784277143912,0.2436351704143382,0.8714513294637597,10.0,0.700000515435667,0.8135346067673687,5.0,71.90714413531593,1821.914945746387,511.9769714534188,917.1379742929682,409794.65077330073,212192.54508285716,97800.46176679058,81916.31543254702,49316.1615102835,6829.910846221679,15521.49172365344,32600.15392226353,3.2016647124573647,1.6578288236713243,0.7641004749815294,0.9159950663457515,0.38529984167282355,2800.111286255382,745.5470061041257,3495.7027574626068
110,scenario_110,0.25,0.75,0.0,11.523584392674584,1.1523584392674584,1.0515099035934237,1.6697640654457642,55.954116236393055,52.45781695920257,1.562370013448854,107.99214713329056,23.744327227791608,80094.57614174642,907392.7001954953,0.25821403033227736,0.7260248746599297,-0.1841964951302602,0.40568420548645656,1.5318597248654398,0.821273965889595,0.9210540377205854,0.39653703727175843,0.22743042924413626,0.25821403033227736,0.8961090197628377,10.0,0.7000005325042643,0.7933891390940064,5.0,71.43067986988213,1817.0827722509612,507.58793541604854,916.6948368349128,402932.1905785285,211535.52459935783,96363.77311000499,81214.06966656778,49092.81196323279,6715.536509642142,15473.431891990062,32121.257703334995,3.175270036694326,1.666986229103109,0.7593858434087455,0.9094959297670981,0.38687138553041817,3073.603189040021,725.5876119794791,3373.2089089472925
111,scenario_111,0.30000000000000004,0.0,0.7,10.441173688624817,1.0441173688624819,0.9459110455820288,1.4893622814374692,68.0494074754653,52.457816959202574,3.6858528245662217,108.44708835158664,40.78351686207422,203398.04878806818,1339303.60213848,-0.18938745136514265,0.6774315503184225,-0.18938745136514265,-0.05160522832479777,1.5869049287246895,0.8061385204741952,0.4577959157919203,0.918074949081579,0.7694320295867428,0.48178618530117717,0.8844940204993639,9.999999999999998,0.6298627722990007,1.0558894136685333,5.0,77.00002068735203,1985.3192915686063,625.3068446567222,967.2124469118892,515905.55260797986,239844.7153919432,131295.99279380587,100049.09514507557,56283.76421380694,8598.425876799665,17544.19677404029,43765.330931268625,3.3001753108344682,1.534252934804268,0.8398820125878138,1.004505801156141,0.3600393291373953,1000.4345568028864,953.29475650417,4987.2611397379005
112,scenario_112,0.30000000000000004,0.05,0.6499999999999999,10.370692086962412,1.0370692086962405,0.9480389150282296,1.4776153478270677,67.08459188548844,52.45781695920255,3.5259539712387307,106.9696147361097,38.85986535166428,189917.47336657462,1319664.0981036634,-0.14787922510402013,0.6840109387356211,-0.17252922756018751,2.0789632984268554e-05,1.5832426050415727,0.855292609750825,0.5100957730671027,0.8943599979719382,0.7447865701437886,0.43235354180705543,0.8634265702603624,10.000000000000007,0.6487806728398275,1.0569812105070566,5.000000000000003,77.00002758913692,1960.6317600098573,609.6885204759564,958.1432395339077,510337.7162526321,236444.10760167873,126720.09642086433,97550.16327615305,55310.13113586493,8505.628604210535,17295.448611604275,42240.032140288116,3.348186486137113,1.5512452648253725,0.8313759709429307,0.9985514850327767,0.3628746763523563,1060.1701083012674,962.4716693328735,4887.239614648867
113,scenario_113,0.30000000000000004,0.1,0.6,10.305076559258428,1.030507655925843,0.9505330349247504,1.4666794265430714,66.12403665920951,52.45781695920258,3.3673976087466873,105.70690241492744,37.07855513987178,177435.34627628402,1298204.9879781078,-0.10663441946353243,0.6900346378212645,-0.15812146644095196,0.047826721468726255,1.579490286128426,0.8973018026838966,0.5585256832329619,0.8684478493463018,0.7178577013014948,0.38806085299548393,0.8461118187362463,9.999999999999998,0.6684046759190767,1.0579910518824365,4.999999999999999,77.00002482415398,1937.749913932021,595.2798530065446,949.6700609254816,505168.65857444465,233275.8875662498,122478.13870126278,95244.77648104716,54418.7302472929,8419.477642907412,17063.69918308679,40826.046233754256,3.3944952514217923,1.5675039992572035,0.822995356437277,0.9924913509110365,0.3656682145209077,1125.9144463119826,971.1608977005075,4785.38998099961
114,scenario_114,0.30000000000000004,0.15000000000000002,0.5499999999999999,10.244712926154623,1.024471292615462,0.9535809629552814,1.4566188210257707,65.17769928755857,52.45781695920257,3.2103139975033557,104.65624517252638,35.43582674160101,165913.3193517809,1275097.3581365212,-0.06678437228590957,0.6954847549571362,-0.14613328963078492,0.09191346240384111,1.5756853519351124,0.9322561323931606,0.6031878584276475,0.8405450921798568,0.688860118008453,0.3488200973759898,0.8324548191810166,10.000000000000004,0.6885554210096924,1.0589141543448022,5.0,77.00001370704177,1916.7859900674252,582.1277478284736,941.8582422389533,500425.6149821548,230344.7117239216,118584.69094061824,93140.43965255577,53612.209339016365,8340.426916369246,16849.28909832389,39528.23031353941,3.4385965407002543,1.5827777499573419,0.8148362031047502,0.9863964110479646,0.3683879322984166,1198.412156457654,979.2818463111171,4682.07841068942
115,scenario_115,0.30000000000000004,0.2,0.49999999999999994,10.213727490696435,1.0213727490696427,0.9592822733488892,1.4514545817827393,64.6570797094954,52.457816959202624,3.041296672166246,103.91742754275938,34.11286544779641,156620.7712473404,1253754.25326674,-0.03165457321825364,0.6984060853568401,-0.13770325553529414,0.12741845025730714,1.5735446069894072,0.9568358659006129,0.639156268751525,0.8147730213771773,0.662076823250988,0.31521112501636717,0.8222685242090775,10.000000000000007,0.7000000094367022,1.0593854795692998,4.999999999999996,77.0000002788313,1906.0567862173696,575.149007820963,938.1077783964064,497995.37717864703,228640.47902761455,116531.81137493832,92023.8412513541,53179.90412637466,8299.922952977451,16724.627632575506,38843.937124979435,3.4634181431721567,1.5901303899930403,0.810446056867498,0.9830667714046718,0.36985131437750074,1282.3608757104585,983.4985890687174,4591.2522794961405
116,scenario_116,0.30000000000000004,0.25,0.44999999999999996,10.214732120369899,1.0214732120369898,0.9672615910262283,1.4516220200616496,64.6566133972565,52.4578169592026,2.8599913269724455,103.45418238148838,33.10033098830014,149432.71886931546,1234897.0109924658,-0.001958502390415909,0.6986575576190506,-0.13241754990680585,0.15459235462925203,1.5735426740986092,0.9722475753047982,0.6666848556246087,0.7920026613006561,0.6384130179505745,0.2862086817630297,0.8147466840828869,10.0,0.70000001716005,1.0593702105603526,4.999999999999997,77.00000050944166,1906.4042893691833,574.8033350819433,938.80095428724,498074.11427910026,228290.3206795379,116477.52879688503,91968.53361311097,53142.690680815955,8301.235237985004,16699.014197855086,38825.84293229501,3.4660488823231703,1.5886499381357486,0.8105556922718974,0.9832223177471832,0.36981476924270085,1380.312747939407,983.3613462066727,4514.538507851626
117,scenario_117,0.30000000000000004,0.30000000000000004,0.3999999999999999,10.220477004495557,1.0220477004495558,0.974922638455459,1.452579500749259,64.6166770508811,52.45781695920261,2.688725927939909,103.1161965490598,32.1369159721117,142486.0186677826,1214288.0442239405,0.02594347050700939,0.6990435982037806,-0.12856107440274372,0.1804480154167625,1.5733770321618459,0.983492030439158,0.6928779927758828,0.7671170715999509,0.6125509873333828,0.2605864772375587,0.8097578356044925,9.999999999999998,0.7000003591901001,1.0580624527221996,4.9999999999999964,76.97614642038405,1906.193218689033,574.132337793575,939.2608808954584,497663.1434725489,227863.26597209345,116326.83162767172,91861.17404697201,53085.563504414764,8294.385724542482,16667.775936847574,38775.61054255724,3.4672364590024536,1.5875313127129236,0.8104530887406391,0.983055732712215,0.3698489704197869,1486.7260905368476,982.0110237302287,4433.717871105972
118,scenario_118,0.30000000000000004,0.35000000000000003,0.3499999999999999,10.373738946569924,1.037373894656993,0.9813232535053109,1.4781231577616547,63.38330519751308,52.45781695920258,2.5426206062210857,102.84568705384011,30.765096169233317,132599.93710785665,1181591.7510885356,0.05907712433103981,0.7038751786607935,-0.12547451531701218,0.21726424402937008,1.5681586717157525,0.9924916144174561,0.7301747585931586,0.7276358814539058,0.5715206657440478,0.23843236382559257,0.8079812083417094,9.999999999999995,0.7000002351873085,1.0180561918553932,4.999999999999999,76.22447849872782,1889.5381542157056,563.1127970620768,933.625357157415,482667.31068124913,224618.93206357592,113182.4173469062,90098.04752993232,52370.57508096358,8044.455178020819,16430.458919465276,37727.47244896873,3.4285657381573618,1.595551962132476,0.8039768794984716,0.9732877601449266,0.37200770683384277,1605.2109432278492,944.2115649945888,4310.077120463008
119,scenario_119,0.30000000000000004,0.4,0.29999999999999993,10.53328078842333,1.0533280788423314,0.9900075047031869,1.504713464737221,62.17418236999076,52.457816959202574,2.412300913928818,102.8077325237558,29.56140172808319,123918.4068898419,1149352.7246252666,0.08902132609602101,0.7083321380945317,-0.12504144771034187,0.2495684064507932,1.5628419369099826,0.9937543241813893,0.7629005652865272,0.6887068466349272,0.5310641645120273,0.22163417762082288,0.8098985773595059,10.000000000000016,0.7000000145696185,0.9795847460762744,5.0,75.47596324495636,1874.487821016316,552.7661523810555,928.9216686352604,468484.40271450725,221680.1174266603,110194.68132032012,88442.5843809689,51711.02394086219,7808.07337857512,16215.490071024224,36731.5604401067,3.390109185929693,1.6041511693273331,0.7974054188785146,0.963520220133202,0.3741981937071618,1726.5288650564073,907.4995575951737,4191.898883202146
120,scenario_120,0.30000000000000004,0.45,0.24999999999999994,10.681640612309117,1.0681640612309409,0.9929649108234684,1.5294401020515191,61.1043498091484,52.45781695920259,2.276104176458019,102.95887486612742,28.467029763935887,115926.33152205317,1115945.54035768,0.1166567724783037,0.7118621289708441,-0.12676600739615634,0.27893862572794376,1.5579622366619839,0.9887259675917422,0.7926541340702347,0.6483672463979715,0.4891417512214212,0.20977801716408306,0.8154039622086212,9.999999999999726,0.7000001552423891,0.9461634995451174,4.999999999999998,74.80353879096798,1861.895920215015,544.231683644398,924.864236570617,456273.9100480466,219534.32283271392,107665.26490953953,87077.06938310369,51188.64774659052,7604.565167467443,16058.52917017074,35888.42163651318,3.353526990509996,1.6135357747834322,0.7913193453829725,0.9545940336168589,0.37622688487234246,1867.9012040551913,875.438170398702,4072.301623435161
121,scenario_121,0.30000000000000004,0.5,0.19999999999999996,10.831763035598389,1.0831763035598956,0.9961473979831833,1.5544605059330645,60.07562514838331,52.457816959202546,2.1440346039709377,103.31440805899403,27.467798271985686,108562.84688691037,1081674.5563685072,0.1420386817600939,0.715012031226453,-0.13082270125021256,0.3057555115662778,1.5531061294323028,0.9768977290906239,0.819821042489487,0.6069845970020541,0.44613536244103436,0.20285801789628197,0.8243767593723414,9.999999999999476,0.7000000741325306,0.9145732248903498,5.0000000000000036,74.14793263262375,1850.674624392931,536.4043406552967,921.4702837376346,444877.47988143755,217700.03254123544,105306.52968448932,85824.69450484749,50722.51794335105,7414.624664690626,15924.354232182963,35102.17656149644,3.317478597119138,1.6234024674392666,0.7852772373604725,0.9458371982637491,0.3782409208798425,2024.690702709243,844.9254177503933,3952.3679987716105
122,scenario_122,0.30000000000000004,0.55,0.1499999999999999,10.969548014487184,1.0969548014486938,0.999077303335127,1.5774246690811968,59.17498222708787,52.45781695920259,2.013141546537839,103.86031493255018,26.570942568714575,101857.42467457149,1047026.8401676212,0.1650449529964115,0.7175661564258254,-0.13705159099461744,0.32982488608242727,1.5487160159351143,0.9587359460858947,0.8442045781890049,0.5651470386651386,0.4026562153655209,0.20068664235177786,0.8367053576294919,10.000000000000224,0.7000001203273972,0.8873566048403023,4.999999999999998,73.56653002796241,1841.5730021944714,529.8625988972253,918.9104032972459,435170.84356076637,216287.0644986672,103300.38966025745,84778.01582355607,50344.55260347025,7252.8473926794395,15820.99823647658,34433.46322008582,3.2851599223380856,1.6327784972844948,0.7798277506300766,0.9380243331298082,0.3800574164566411,2201.1688395767997,818.4835170556768,3833.414054136773
123,scenario_123,0.30000000000000004,0.6000000000000001,0.09999999999999987,11.116649276349875,1.1116649276349868,1.0053056954118877,1.601941546058312,58.25880453261931,52.45781695920259,1.8928525276506643,104.60691458558553,25.75639372989882,95710.22219223487,1012177.2993632092,0.18593342639920596,0.7200452460045732,-0.14557041929160097,0.3516853492446094,1.5441109107709612,0.9338973123432855,0.8663503711162545,0.5230657745504776,0.35892380017936826,0.20323246377722215,0.8522859938277862,10.000000000000007,0.7000002904103234,0.8600924923824214,4.999999999999998,72.9679908578335,1833.1848164958471,523.3982767514829,916.986539744364,425586.3806496283,214932.64086063893,101298.0992171568,83743.72428023728,49977.691207851676,7093.106344160472,15721.924655546736,33766.0330723856,3.2524859141001934,1.6425934162002755,0.7741569180997101,0.9299825090919615,0.3819476939667633,2389.7806838450597,791.8128052253586,3715.97915437717
124,scenario_124,0.30000000000000004,0.65,0.04999999999999993,11.244542843069059,1.1244542843069056,1.018140552541862,1.6232571405115093,57.50239564096075,52.45781695920256,1.7737265206594377,105.54172950706905,25.021023096499917,90085.54722244621,977327.9880173029,0.20479212475631162,0.7221221458813968,-0.15623681563025482,0.37142086647318845,1.5401982818448336,0.902796942342503,0.8863434826351528,0.48098478750988316,0.3151916729388932,0.21031210216544066,0.8710115857910944,10.000000000000002,0.7000002619707217,0.8379032572718758,5.000000000000003,72.46860200812934,1827.2197136047528,518.0377441130361,916.3819694917167,417949.5339976206,213718.20816186798,99647.07685748959,82886.0390580858,49670.346772255936,6965.82556662701,15633.091152581082,33215.692285829864,3.2271743806097937,1.6502134108223165,0.76941943315811,0.9233456922361689,0.3835268556139634,2601.4938375108363,769.8984885815642,3600.3942314832
125,scenario_125,0.30000000000000004,0.7000000000000001,-1.1102230246251565e-16,11.36563633525465,1.136563633525464,1.0246461821333868,1.6434393892091075,56.806922108541016,52.45781695920256,1.6615441855377453,106.62763222063518,24.37375194021505,84985.07416931532,942691.7901202961,0.2215662643625797,0.7237691419851622,-0.16862714922670052,0.38879201304369976,1.5365089055561965,0.8666700305863606,0.9039413629730664,0.4391611376715161,0.27172698009249896,0.22156626436257967,0.8927599632570549,10.000000000000007,0.7000002334064653,0.8177574367481341,5.000000000000003,72.0045959977372,1821.9032077380086,513.4819040256168,915.6213037123918,411016.5107780596,212907.3948780376,98191.45246568222,82157.10464409871,49426.620488871304,6850.275179634327,15573.781662374971,32730.484155227405,3.201799382262589,1.6585386414506706,0.7649068190787387,0.9170631198390653,0.38503106030708706,2832.1834891561966,750.0116194167707,3486.7456753383817
126,scenario_126,0.35000000000000003,0.0,0.6499999999999999,10.37163269953433,1.0371632699534314,0.9300772365472423,1.4777721165890552,67.12125513870281,52.45781695920261,3.533216429173951,107.02028266746663,38.99744867271971,190743.08115256263,1320477.0809552756,-0.17310735722531434,0.6830885394809654,-0.17310735722531434,-0.0036716042154136667,1.5833836987636327,0.853606937671614,0.5063551849118649,0.8953416851135676,0.7458067759423517,0.42418682933366847,0.8807345235088838,10.000000000000016,0.648063803744249,1.056967668183921,4.9999999999999964,77.00004676808605,1960.9623065709775,611.2116221121489,956.9506844588436,510412.6272425899,237490.2191913018,127041.6888966461,97793.85953794382,55446.629905728456,8506.87712070983,17371.96973714152,42347.22963221537,3.340333257923137,1.5542258072293371,0.8314088561184833,0.9983951216282987,0.3628637146271722,1057.7450761398027,962.348585267563,4891.168208293459
127,scenario_127,0.35000000000000003,0.05,0.5999999999999999,10.30865696554984,1.030865696554985,0.9323888819546989,1.4672761609249731,66.20548952990967,52.45781695920256,3.3814776880614827,105.79688059447284,37.284546559664555,178743.8496142382,1300122.0106449658,-0.13396731303241038,0.6888878785414665,-0.15914813268557979,0.042298424539775614,1.5798126991539714,0.8943083174371936,0.5529252292022948,0.8707626786179585,0.7202633579974846,0.37857108958552654,0.8631117797339076,9.999999999999991,0.6667268544395868,1.057936861618136,5.000000000000003,77.00003976249646,1938.9973349916836,597.3683619799399,948.8289730117572,505450.89026748174,234426.6589407309,122971.5227564099,95578.9379167904,54588.43033132043,8424.181504458029,17147.87597807198,40990.50758546997,3.3845173091671374,1.569729325227325,0.8234217316017776,0.9926287012667355,0.3655260894660742,1120.2198775651423,970.683411693932,4794.046491304475
128,scenario_128,0.35000000000000003,0.1,0.5499999999999999,10.25054838128968,1.025054838128968,0.9351782985614912,1.4575913968816123,65.30365204591676,52.457816959202574,3.2314031106824554,104.76922503643148,35.701706616127055,167646.7089938354,1278293.2991555259,-0.09582233844705121,0.694155151797586,-0.14742240898372236,0.08477790843129783,1.5761981315246827,0.928497403804928,0.5959591689197999,0.8444042316408448,0.6928706793050275,0.33795882131659205,0.8489923356261695,10.0,0.6858448436865053,1.0588260462408987,5.0,77.00003224808039,1918.8105695069578,584.691632767766,941.3189367391997,500884.23857730196,231585.20182536193,119225.08248184675,93550.66124284259,53808.967082227005,8348.070642955034,16940.02865204036,39741.69416061559,3.4266557652364984,1.584323693698865,0.8156441843880586,0.9868370397779536,0.3681186052039804,1188.6490846162253,978.4917837686761,4695.761768377386
129,scenario_129,0.35000000000000003,0.15000000000000002,0.4999999999999999,10.211522944471803,1.021152294447181,0.9399073150199191,1.451087157411967,64.65810280689782,52.45781695920262,3.07461462726331,103.99354121537567,34.35028820511208,158161.82915142973,1256989.0342425585,-0.060686223446328035,0.6977497914656112,-0.1385717254112645,0.12104661447185709,1.5735488476887436,0.9543036391185153,0.6327012657250966,0.8186790605804047,0.6661361245044742,0.30272495052907306,0.8382509938404472,9.999999999999993,0.700000000170309,1.0594189920547996,4.999999999999996,77.0000000040157,1905.2943326862107,576.0564946235344,936.4378380628757,497822.6176598152,229537.24488357038,116676.04538749669,92169.03913976553,53277.02401059997,8297.043627663586,16790.224394261168,38892.015129165564,3.4567624690016077,1.5938523184853801,0.8101708528691931,0.98267370446629,0.36994304904360226,1266.1876763728371,983.7998811668364,4604.381430718004
130,scenario_130,0.35000000000000003,0.2,0.4499999999999999,10.212381969466218,1.0212381969466227,0.9478192183455394,1.4512303282443701,64.6577041752397,52.45781695920258,2.9005554955703374,103.52519330928345,33.37169273658033,151242.52580299668,1239368.0744233665,-0.031214168451368214,0.6980258141525655,-0.133227796601452,0.14730968081127843,1.573547195391829,0.9698851118077235,0.6593071260159993,0.7974015273048048,0.6440237203521113,0.2726428815101975,0.8301519016230652,9.999999999999991,0.7000000049250369,1.0594059361812127,4.999999999999999,77.00000014491391,1905.5914206437585,575.6739489958419,937.1174716479163,497889.9345453176,229162.87901054366,116614.96290836936,92107.83183933474,53236.17753654496,8298.165575755293,16762.840223919397,38871.654302789786,3.4595272925849465,1.5923102263722468,0.8102848017478145,0.9828369063806767,0.3699050660840618,1357.6895931214992,983.682460239321,4532.060360163044
131,scenario_131,0.35000000000000003,0.25,0.3999999999999999,10.213200293739849,1.0213200293739848,0.9549086850348406,1.4513667156233088,64.6573243948355,52.457816959202624,2.732931064863421,103.16879064315224,32.44320564528794,144573.9740845833,1220215.721163302,-0.003582371513859192,0.6982636852691637,-0.12916118191041168,0.17222796304131427,1.57354562121293,0.9817422768263946,0.6845506496447115,0.7742748169565289,0.6199895825922541,0.24584641012858607,0.8244573860830275,10.0,0.7000000089230093,1.059393496988421,4.999999999999996,77.00000026259012,1905.8744468315504,575.3452831569223,937.7291636746285,497954.06363970885,228837.05711644457,116562.80545563919,92055.24530510757,53200.97681989451,8299.234393995148,16739.006955739926,38854.26848521306,3.4619493943353974,1.5909546063248454,0.8103850600186274,0.9829799733877636,0.3698716466604574,1458.018530900746,983.5706261445077,4456.217294470137
132,scenario_132,0.35000000000000003,0.30000000000000004,0.34999999999999987,10.307773362691634,1.0307773362691635,0.9604381961317108,1.4671288937819387,63.88700713079402,52.457816959202574,2.58953487004287,102.88301261984898,31.29007461091426,136247.9188628845,1193566.3157265643,0.025980610199938997,0.7013946116313023,-0.12590040633721905,0.20317512949329006,1.5703141603396227,0.9912498296676765,0.7159017484227198,0.742095320676335,0.5865474529078372,0.22217900514770328,0.82144132714722,10.0,0.7000002694059151,1.034301354524991,5.0,76.5322070707351,1895.3529787556624,568.2972673967279,934.2557113589345,488530.7354007844,226670.44827363137,114569.72301097368,90927.56278347649,52737.65511315194,8142.178923346407,16580.52353112674,38189.90767032456,3.4385576945577063,1.595435778264215,0.8064069956612522,0.9769519514272565,0.37119766811291605,1564.693343763229,959.8894877978101,4354.349440105201
133,scenario_133,0.35000000000000003,0.35000000000000003,0.2999999999999999,10.457712204372438,1.045771220437499,0.9803502978683447,1.49211870072874,62.73229945111463,52.457816959202574,2.467020917020168,102.78621903852091,30.092013314005975,127707.70238057036,1163703.8007610356,0.055266068570120244,0.7061606229003513,-0.12479597520571292,0.2353281123459534,1.5653215479869338,0.9944700566065304,0.7484744023031882,0.7060359537410515,0.5490732172986879,0.20340821318869046,0.821841346740717,9.999999999997561,0.7000001985660284,0.9972507605800106,5.0,75.82269433535137,1881.0096969876445,557.6890345257558,930.520662461889,474906.5804423928,223214.92382541407,111593.6272641122,89230.24552412094,52032.369769416866,7915.10967403988,16327.75831685899,37197.87575470407,3.40624649969129,1.6009991949383058,0.8004003690623646,0.9679551608891545,0.3731998769792117,1673.2563684374998,924.4884618395432,4243.906881469121
134,scenario_134,0.35000000000000003,0.4,0.2499999999999999,10.589205092748266,1.0589205092748262,0.9711737764202045,1.5140341821247105,61.744355975416646,52.45781695920262,2.329204644302271,102.813995706659,29.017173998440132,119786.8747775741,1131844.4128576112,0.08250684065735808,0.7092176616666638,-0.12511291168642052,0.26417412395816436,1.5609017423782294,0.9935459542664516,0.7776969212956584,0.6675653373154341,0.5090931215152492,0.1891534108718308,0.8257111868403799,10.000000000000004,0.7000001561838055,0.9660875075577551,4.999999999999996,75.20608759026545,1868.342411436173,550.0613202125573,925.4810912236157,463312.52131532383,221563.02535177924,109289.4873432933,88009.81123400919,51579.9821195781,7721.875355255397,16206.925002583852,36429.8291144311,3.3691699764403595,1.6111878236859973,0.7947440281826114,0.9595941840135501,0.3750853239391296,1807.8027591887005,894.8898876840012,4128.137177797309
135,scenario_135,0.35000000000000003,0.45,0.1999999999999999,10.726909902442031,1.072690990244203,0.9774934797590591,1.5369849837403387,60.772398916738425,52.4578169592026,2.2037456432029883,103.05380889300363,28.030903774414327,112575.72716621684,1100171.129359618,0.10755274436205593,0.7124502399825451,-0.1278492206969015,0.29064316163013393,1.5564132243258355,0.9855676061945695,0.8045114413228952,0.6293194443282634,0.46934656668926444,0.1799115088274976,0.8328426996290549,10.000000000000002,0.7000002456258704,0.9359114306245016,4.999999999999997,74.59223147993553,1857.3651978303642,542.2893177636795,922.2758800666851,452377.8583687816,219535.70659106033,106994.01935999832,86766.29084218874,51101.6177221893,7539.630972813027,16058.630389531263,35664.67311999944,3.33680080761554,1.61932532616643,0.7892024855014715,0.9514977821568279,0.3769325048328428,1947.8255339846949,865.809063492917,4016.1290578497938
136,scenario_136,0.35000000000000003,0.5,0.1499999999999999,10.86511019284703,1.0865110192854661,0.9887793519071444,1.5600183654745046,59.84595195711173,52.45781695920258,2.0893658601502954,103.46386721310381,27.152709986184348,106138.21322425567,1069204.0424451136,0.13026003410041742,0.7154649497364307,-0.13252805547331908,0.31421169680203304,1.5519991570913645,0.9719253705135469,0.8283876005626694,0.5919262927047003,0.43048621241224827,0.175293960847192,0.8431566238667811,9.999999999992976,0.70000069791676,0.9075944499373416,4.999999999999999,73.99996952145092,1847.8783973848974,535.0058271476921,920.0725702372054,442288.2282252595,217615.02147988815,104836.31497907941,85600.93234363076,50655.49401727095,7371.470470420993,15918.1358304733,34945.43832635981,3.306791857451397,1.627010476802257,0.7838143785311601,0.9437203603559812,0.37872854048961324,2092.938684299324,838.281721838333,3908.9362821707364
137,scenario_137,0.35000000000000003,0.55,0.09999999999999987,10.992712483982706,1.0992712483982705,0.9913384134964955,1.5812854139971173,59.019492615826934,52.45781695920256,1.9682494223591023,104.03557658112848,26.337379547887714,100007.73843658698,1036464.3357258409,0.15131472251854747,0.7177680465998548,-0.13905135604301352,0.3360931361486318,1.5479445312430389,0.952905163978692,0.8505546434622113,0.5523926801035313,0.38940141145731455,0.17512339141242417,0.8565611293071116,10.0,0.7000003667686544,0.8826997630193861,5.000000000000003,73.46505114688424,1839.6535149611511,529.0647798729127,917.7887350882384,433429.8284972006,216354.5276686527,103007.06504984919,84650.36477966607,50314.676429716346,7223.8304749533445,15825.933042429224,34335.68834994973,3.2769509140360102,1.6357507503759627,0.7787860312651513,0.9365239967734839,0.3804046562449496,2265.0409000729337,814.0671166974292,3797.1787684780397
138,scenario_138,0.35000000000000003,0.6000000000000001,0.04999999999999982,11.116182017193175,1.1116182017193175,0.9949209773607,1.6018636695321944,58.251852133047066,52.457816959202546,1.8560278855524737,104.75572657846632,25.614436098274126,94496.97752355877,1004336.1841702005,0.1702664704908468,0.7197900634600172,-0.14726838929564467,0.3554951386996335,1.5440754112117812,0.9289464841817048,0.8702098871631669,0.5135975281468205,0.34908404627650785,0.17920734928012982,0.8729370781688379,10.0,0.7000000006216753,0.8598868678630901,5.0000000000000036,72.96289523241697,1832.592486159405,523.7266489710996,916.0658371883054,425400.8073763768,215284.32267713992,101342.43037747114,83796.26383537595,50015.45370955225,7090.013456272946,15747.649529161159,33780.810125823715,3.249029303451399,1.6442495190961326,0.7740101106297795,0.9297516165721538,0.3819966297900736,2447.383341295862,791.7618507076749,3689.2078030140933
139,scenario_139,0.35000000000000003,0.65,-1.1102230246251565e-16,11.230750116514304,1.1230750116514305,0.9979784625335961,1.6209583527523836,57.56475944101351,52.45781695920258,1.7491846825516766,105.61343329034389,24.969273558618973,89481.27005328794,972527.2446317835,0.187357063138652,0.7214712106788819,-0.15705496792309231,0.372809695248822,1.5405247565068942,0.9004114282272976,0.8877504388486789,0.4751878287640973,0.3091672577502967,0.18735706313865197,0.8921817851311955,10.0,0.7000009924268553,0.8397226027214566,4.999999999999999,72.50900105811402,1826.6976004313988,519.139425049141,914.7581753822584,418362.8759952449,214452.0946808229,99886.90302750231,83062.30800786256,49766.673665361785,6972.714599920748,15686.773592393525,33295.63434250077,3.223510724161573,1.652366083816679,0.7696345005432569,0.9235966182078134,0.38345516648558087,2644.6843667669577,771.9734082623141,3583.6553211377072
140,scenario_140,0.4,0.0,0.6,10.311980206681778,1.0311980206681757,0.9160078839782891,1.4678300344469621,66.27534732301008,52.45781695920258,3.394317421611964,105.88331907747943,37.47467726927599,179942.03438153627,1301781.6600034898,-0.1601344103941097,0.6878124556365773,-0.1601344103941097,0.037195789589729904,1.580088584346375,0.8914325944015096,0.5477559930269814,0.8727667263437447,0.7223460389492294,0.3693538592118938,0.8802330735668507,10.00000000000002,0.6652904698705839,1.0578866249683185,4.999999999999999,77.000055152031,1940.1555668480767,599.2971277821725,948.0584390659247,505712.94486795744,235515.86312955967,123419.89965343804,95887.54044514766,54747.573894001645,8428.549081132624,17227.549247440013,41139.96655114601,3.375373726481596,1.5719472175756057,0.8237643327955185,0.9927109118852576,0.3654118890681606,1115.1147640095926,970.2406410046166,4801.696705446044
141,scenario_141,0.4,0.05,0.5499999999999999,10.256033776996059,1.0256033776996059,0.9185906734895574,1.4585056294993428,65.41484024705447,52.45781695920261,3.2504052543808415,104.8784229470902,35.94691250375976,169235.28616410904,1281089.6923865697,-0.12346109023129472,0.692902906574479,-0.14866837561056032,0.07819719280283013,1.5766491605514603,0.924864497069326,0.5892925596837579,0.8477809120621003,0.6963798512189449,0.327451427566337,0.8656899284460735,10.0,0.6834617167066672,1.0587430258482595,4.9999999999999964,77.00004672620175,1920.7141414930245,587.0763445756925,940.8377969173475,501315.34722089465,232760.99249069864,119813.81373776475,93932.21513211082,53994.27721952257,8355.25578701491,17026.03556181962,39937.937912588255,3.415673970534231,1.585899310311512,0.8163423026309109,0.9871991185680038,0.36788589912302966,1180.010758548079,977.7501075366358,4707.922722053205
142,scenario_142,0.4,0.1,0.5,10.209860516937205,1.0209860516937204,0.9227074953092651,1.4508100861562008,64.6588741546561,52.45781695920259,3.1045310428599224,104.07008250586466,34.56871018609083,159568.41227126072,1259801.618693022,-0.08851911713871989,0.6971096338789399,-0.13944507447947557,0.11518471222430282,1.5735520448067686,0.9517571859117487,0.6267628520523846,0.8220752921052046,0.66966561465254,0.2905732487569101,0.8544168056225403,10.000000000000002,0.7000000632465563,1.0594443646410239,4.999999999999998,77.00000186938132,1904.7196385298334,576.9479822890462,934.9716562407872,497692.42682525085,230391.88364864467,116819.7634770007,92311.67716624742,53371.75600724719,8294.873780420849,16852.73963726197,38939.92115900023,3.4505185361817308,1.597314771668411,0.8099153966256523,0.9823055643073318,0.3700282011247826,1252.0092824496512,984.0272435010122,4615.978189879504
143,scenario_143,0.4,0.15000000000000002,0.44999999999999996,10.210525018808383,1.0210525018808376,0.9299447325520152,1.4509208364680641,64.6585658384652,52.45781695920259,2.937769586599225,103.60051831172069,33.62682322209932,152928.3060161786,1243331.7265118547,-0.05921002726321648,0.6973858524365093,-0.13408726761730894,0.14046261368103005,1.5735507668926478,0.9673791233042556,0.6523706887730875,0.8021876876542459,0.6489976762432398,0.2594834393146888,0.8457917120820759,10.000000000000007,0.7000000237510408,1.0594342012848872,4.999999999999998,77.0000006941426,1904.9493068335892,576.562630314481,935.5866765191078,497744.44981722767,230025.3016319213,116757.4209075311,92250.02085031697,53330.88054780662,8295.740830287128,16825.924841594242,38919.14030251036,3.453185646428297,1.5958391303054518,0.8100242004504993,0.982462743034307,0.369991933183167,1337.5650385071845,983.936341004874,4547.807118326752
144,scenario_144,0.4,0.2,0.39999999999999997,10.211235816041825,1.0211235816041822,0.9371354760001085,1.4510393026736372,64.65823604016455,52.45781695920259,2.77622823672832,103.23123780234307,32.72549723888185,146485.80795986127,1225407.3985646006,-0.03169848991039267,0.6976503934275251,-0.12987371455708316,0.16465195938298832,1.5735493999256274,0.9796647214604076,0.6768757615607471,0.7805438335024946,0.6265045778084153,0.2315827371771305,0.8394585742973103,10.000000000000004,0.7000000008780519,1.0594233591680147,4.999999999999998,77.00000002435428,1905.1950412714828,576.1945396477497,936.2005016249651,497800.12002580345,229671.1435682878,116698.17954609853,92191.12634363997,53291.733161607124,8296.668667096725,16800.018835087718,38899.39318203284,3.4557781150104487,1.5944000004491174,0.8101304092013137,0.982615628066235,0.3699565302662288,1431.282222653469,983.8391363317814,4476.19808159304
145,scenario_145,0.4,0.25,0.35,10.249757154778258,1.0249757154778263,0.9433232724710068,1.4574595257963763,64.3439084972712,52.45781695920256,2.6286305689316474,102.94587974337216,31.759256449036194,139501.10379387287,1203735.2425921855,-0.00461727402134611,0.6990916073136385,-0.12661773084794176,0.19058345690120698,1.5722401857760953,0.9891583025027562,0.7031457252880223,0.7543744293049544,0.59930835940531,0.20675669767798355,0.835480802579842,9.999999999999996,0.7000003504215473,1.049148424606092,5.000000000000003,76.80978540746891,1900.979226447472,573.0885813012873,935.090645146185,493963.1625926286,228571.45392812553,115847.14200790379,91694.17300820598,53078.45900557138,8232.71937654381,16719.578574372143,38615.7140026346,3.447726433292445,1.5953656128280782,0.8085810521288331,0.9802543803997285,0.37047298262372236,1531.810046621158,974.1109028121379,4392.454968765692
146,scenario_146,0.4,0.30000000000000004,0.29999999999999993,10.380158189776783,1.0380158189776774,0.9479449920475389,1.4791930316294628,63.300838086092256,52.45781695920258,2.5021344755673303,102.75473804151449,30.597519905658565,131115.00610213017,1175148.1945590188,0.02393394779346264,0.7031425366108289,-0.12443677170618643,0.22176157379299472,1.567802502825059,0.9955173983127793,0.7347307889449348,0.7198552049256797,0.5634346972371514,0.18578417262656924,0.8345827574862961,10.000000000000009,0.7000001232329822,1.0154085961591557,4.999999999999999,76.1725331874048,1886.957272222967,563.8286039740051,930.3286682489622,481330.3605175953,225847.0458097248,113200.7504819153,90212.57663584084,52478.99314186908,8022.172675293255,16520.29316571135,37733.58349397177,3.4147282143903896,1.602239008222699,0.8030862548231716,0.9719697722172197,0.37230458172560943,1638.565184356654,942.2020689553876,4285.151427514305
147,scenario_147,0.4,0.35000000000000003,0.24999999999999994,10.510788699305094,1.0510788699305096,0.9530409399366164,1.5009647832175155,62.305909386253056,52.45781695920258,2.379628449265171,102.73332087755004,29.53577210901446,123422.94284892279,1146061.5674516282,0.05055030036238832,0.7067897566307947,-0.12419239824354195,0.2502562416263086,1.5634311807838146,0.9962299262242984,0.7635973783070031,0.6847327324552303,0.5269341172104508,0.1696462545744039,0.836934236010978,9.999999999999998,0.7000002813765419,0.9837403657180194,4.999999999999999,75.55666078362434,1874.4091234029288,555.3424035432738,926.2667198596549,469624.8730525362,223449.210967727,110746.5463754259,88854.78456692383,51939.26910844853,7827.08121754227,16344.895987454105,36915.515458475296,3.382596899182698,1.6094518231782398,0.7976811831318852,0.9639198733510905,0.3741062722893716,1754.3150494366441,912.019059564794,4178.761347202212
148,scenario_148,0.4,0.4,0.19999999999999996,10.640209115643433,1.0640209115643435,0.9584266207168152,1.5225348526072389,61.365364884995834,52.457816959202596,2.2606896696435035,102.87361996667275,28.566216215497548,116358.12818470888,1116560.2528905699,0.07524173684930381,0.7100389122930633,-0.12579323457610683,0.27627670827471446,1.559168465444461,0.9915623139705655,0.7899574724180412,0.6491095196059976,0.48991314915344397,0.1581760193101318,0.8424298184766422,9.999999999999998,0.7000003025898874,0.9542642826254856,4.999999999999997,74.96707070594881,1863.2978464071814,547.6333074489975,922.8645389581841,458861.04431482975,221368.38094315722,108488.63290423669,87621.32919183961,51458.45155709406,7647.684071913829,16192.687124545759,36162.877634745564,3.3515933970657157,1.6169095482839952,0.7924180755885855,0.9561716712927827,0.37586064147047166,1880.2102953631993,883.729555993264,4073.2775845049814
149,scenario_149,0.4,0.45,0.14999999999999997,10.766474104753733,1.0766474104753727,0.963979155194362,1.543579017458955,60.487654240669755,52.45781695920256,2.1457741344725583,103.16666804034506,27.686010408756815,109892.84722371778,1086882.6864815645,0.09799985105332447,0.7128952174385151,-0.12913696265343325,0.29989924101488685,1.555070947681941,0.9818128937272921,0.8138883340196401,0.6132734804068919,0.4526710040360275,0.15120052400072992,0.8509659298607888,10.000000000000005,0.700000302944607,0.9271617623017213,5.000000000000003,74.41026601475725,1853.599053781878,540.7130788503874,920.0859749314905,449075.9955457278,219591.666229158,106434.97105337746,86514.092616062,51035.768931602855,7484.59992576213,16062.72373342915,35478.32368445915,3.322101965800496,1.6244598092284566,0.7873674613506247,0.9488163167819006,0.3775441795497917,2016.6201937041612,857.556793379496,3969.2554326628347
150,scenario_150,0.4,0.5,0.09999999999999998,10.889946422140667,1.088994642214066,0.9697769936153777,1.5641577370234443,59.66474185027546,52.45781695920259,2.0345994500295026,103.60715356379559,26.882714725824762,103933.1368325195,1056952.2067388466,0.11895961995188678,0.7154204453447606,-0.13416297696555682,0.32145769748584163,1.5511197511123727,0.9671583750151178,0.8357281783676237,0.5771320451380413,0.4151114799615077,0.14857480595284886,0.8624406437036631,10.000000000000007,0.7000000927190405,0.9021057034466644,4.999999999999998,73.8823204758775,1845.109738818361,534.4606257326147,917.849113085746,440126.74867810775,218068.74329756884,104554.86071216266,85513.70011721838,50662.07987983083,7335.445811301795,15951.324741211054,34851.62023738755,3.2939882003453596,1.6320659206552393,0.7825074901923299,0.9418095992427865,0.37916416993589,2164.952103544595,833.2258422728908,3866.1696890558674
151,scenario_151,0.4,0.55,0.04999999999999993,11.006368387561569,1.1006368387561567,0.975494506350541,1.5835613979269276,58.91858444478018,52.45781695920257,1.9273704323374452,104.18252402010195,26.157686047325313,98482.25605572974,1027112.7430489586,0.13811830931102287,0.7175788150907795,-0.140728051171664,0.34091566238934057,1.5474416816510157,0.9480163676857427,0.8554401148596209,0.5411005129115093,0.37766617121720714,0.15009570240633208,0.8767536358926641,10.000000000000002,0.7000001150240084,0.8796836472994033,5.0,73.3985969713334,1837.9254633778216,528.9914416055373,916.1340217722847,432197.1956813476,216811.941307173,102887.85393558501,84638.63065688597,50342.6793450243,7203.286594689127,15859.39200302469,34295.95131186167,3.2680845978875546,1.639436287658106,0.7779925786573103,0.9353603461610313,0.38066914044756306,2325.6027215426952,811.3474194657249,3764.9452584434466
152,scenario_152,0.4,0.6000000000000001,-1.1102230246251565e-16,11.112501675734059,1.1112501675734063,0.9839450134669518,1.60125027928901,58.26458324198336,52.45781695920259,1.823638364235466,104.88875364296922,25.499817825963326,93476.86410599365,997472.1527860557,0.1556282244452135,0.7194546528056878,-0.14878625059754147,0.35857120780705004,1.5441404109181305,0.9245208050113375,0.8733261061095526,0.5053091228794847,0.34047042717527143,0.15562822444521346,0.8938039856702665,9.999999999999996,0.7000000778074674,0.8602628652631624,4.999999999999998,72.97075654175416,1832.180014780257,524.2325128190977,915.1475019611593,425420.0976975301,215695.44335470485,101436.34049704886,83877.20205105565,50065.088552039364,7090.334961625502,15777.722245390447,33812.11349901628,3.246041306440939,1.6457998165339818,0.7739797743681917,0.9296826578973,0.38200674187726946,2499.8249298875126,792.2793902924986,3665.785565370497
153,scenario_153,0.45,0.0,0.55,10.261100469245868,1.0261100469245876,0.9035476163605105,1.459350078207645,65.51201852182125,52.45781695920257,3.267713850469118,104.983214478392,36.17330624371671,170692.98128421194,1283542.9038020524,-0.14986406470378277,0.691729646402636,-0.14986406470378277,0.07212134838854944,1.5770421052752823,0.9213781862268948,0.5831374114026538,0.8507431960727682,0.6994583669664957,0.3172632727148704,0.8825289416421251,9.999999999999991,0.6813858940175733,1.0586658392778425,5.0,77.000051047351,1922.4721889946964,589.2807146771793,940.3914743175359,501713.3095446751,233872.7812011711,120351.04614495291,94284.91434834871,54167.89896669775,8361.888492411252,17107.3608471227,40117.01538165096,3.405598025175654,1.5875135593350724,0.8169352442554226,0.98748661983752,0.36768825191485915,1172.2836947086028,977.0657423111364,4718.755320129501
154,scenario_154,0.45,0.05,0.5,10.211776972153377,1.0211776972153372,0.9065685691530565,1.451129495358896,64.7129616194252,52.45781695920259,3.1300971023065727,104.16190117651547,34.80206387699681,161073.6207726071,1262733.4984662724,-0.11555125892976345,0.6961792793358227,-0.14049274103885784,0.10892208005208598,1.5737760389969877,0.9487024693420897,0.6204184779997169,0.8256155742507576,0.6733448075647013,0.2788967743174689,0.870744822229305,10.000000000000004,0.6988121181258015,1.059416612319905,4.999999999999998,77.00002897407443,1905.3848482397443,578.5441116779222,934.0407365618297,497843.568021483,231396.7534369206,117172.87754824766,92567.05786846757,53509.43201905168,8297.392800358051,16926.244001404375,39057.62584941589,3.4420439719115796,1.5998555599559194,0.8101223411187581,0.9822981993262013,0.3699592196270806,1239.811683884275,983.7658428338823,4628.277832656708
155,scenario_155,0.45,0.1,0.45000000000000007,10.209155151533064,1.020915515153306,0.9143007783266431,1.4506925252555107,64.65920120568545,52.457816959202546,2.9742263501566106,103.68523670300318,33.87662632246517,154577.91609953216,1247089.6459468808,-0.08617892986200083,0.6967758329738957,-0.13505391878838596,0.13375852030673216,1.5735534003600418,0.9645606260229164,0.6455790914253703,0.8067254232058985,0.6537134598425425,0.24677264550504366,0.8616366312955037,10.000000000000004,0.7000000716791022,1.059455094981209,5.0000000000000036,77.00000199837365,1904.4757549467824,577.4149445667791,934.2608103800032,497637.165934903,230830.85816603404,116895.71548609083,92386.39113068469,53421.15263532108,8293.952765581718,16884.84981029323,38965.23849536361,3.447345245338383,1.5990639683856538,0.8097865605040405,0.9821187056629032,0.3700711464986533,1318.3573391930777,984.1237262289173,4562.966649280077
156,scenario_156,0.45,0.15000000000000002,0.4,10.209703470952103,1.0209703470952112,0.9209190019304638,1.4507839118253503,64.65894730681337,52.45781695920255,2.8173833116391167,103.3026499319535,32.997449867642224,148316.13201746737,1230172.2084370183,-0.05867804732326241,0.6970398014796205,-0.13068853903228866,0.1573534278038163,1.5735523480072686,0.9772889103748256,0.6694819672103622,0.786297402073819,0.6324839003134989,0.21778673173144214,0.8547212655797536,9.999999999999991,0.7000001723613395,1.0594469270029918,5.000000000000003,77.00000528194776,1904.6656495600125,577.0455537814107,934.8200957786021,497680.2451988712,230484.0765426027,116835.59591462977,92327.28860502571,53382.08996681578,8294.67075331452,16859.483376727418,38945.19863820993,3.44985065347126,1.59768375326508,0.8098881979004936,0.9822662119536815,0.37003726736650205,1406.7091250557585,984.0488038453315,4494.7755845492875
157,scenario_157,0.45,0.2,0.35000000000000003,10.210315276707032,1.021031527670702,0.9277202193940599,1.450885879451171,64.65866309317707,52.457816959202574,2.666592663756081,103.01861666400998,32.161325040554736,142278.06752113588,1212027.2869391602,-0.0329120996606473,0.6973020291721851,-0.12744767141280222,0.17979293678170125,1.5735511699969251,0.986738416926942,0.6922143638447159,0.764387178401819,0.6097139807636832,0.19200702848786838,0.8500106728267037,10.00000000000001,0.7000000343175435,1.0594374043272337,5.0,77.00000096794213,1904.876804729648,576.679465976351,935.3973387532969,497728.02571635536,230136.88222462105,116776.2889450735,92268.71455621617,53343.28490785835,8295.46709527259,16834.086755319502,38925.42964835783,3.452372106738176,1.5962897644360285,0.8099909626389392,0.9824147872297545,0.37000301245368705,1502.479224307334,983.9650293292252,4423.886992893679
158,scenario_158,0.45,0.25,0.30000000000000004,10.323126339671896,1.03231263396719,0.9321349808522494,1.4696877232786492,63.73962978331809,52.45781695920252,2.5444736028901627,102.78554746333845,31.059582996244224,134327.7668351336,1185899.3865271076,-0.005449289889574355,0.7009789530465246,-0.12478831241931237,0.20936095066395408,1.5696870150009206,0.9944923992501683,0.7221683089120469,0.7328374060770729,0.576926283640923,0.16926338216957487,0.8479148787137093,9.999999999999996,0.7000004747236711,1.0295352171908068,5.000000000000006,76.44124149507688,1892.2433100177286,568.3552228650104,931.0880871527185,486480.47047271585,227618.03072636173,114413.01128660061,90936.83565840169,52799.165229534825,8108.007841211931,16649.837432761644,38137.67042886687,3.4237776017640953,1.6019420360313856,0.8052218519950136,0.9751851016353954,0.37159271600166227,1600.7925360435333,955.7649090258359,4324.841284938589
159,scenario_159,0.45,0.30000000000000004,0.25,10.445541702517922,1.0445541702517933,0.9369393898472522,1.4900902837529872,62.78596867393929,52.457816959202546,2.4272860555623033,102.69944043854326,30.01873442288143,126801.31640088896,1158631.711164039,0.0206344041246736,0.7045894672840817,-0.1238058167050269,0.2372947353692243,1.5655576670458438,0.9973570949982281,0.7504666943198854,0.6999113409909916,0.5427082918793797,0.15115287606335012,0.8489285362929162,9.99999999999999,0.7000002947469084,0.9989579791466574,5.0000000000000036,75.85438064658291,1879.8467293815395,560.0433030113591,927.0034263701805,475112.0965967101,225200.09681911152,112026.1664380044,89606.92848181746,52264.873002482665,7918.5349432785015,16472.970045101676,37342.0554793348,3.3933954324033664,1.6084477440098515,0.8001250320154778,0.9675463505487736,0.3732916559948408,1706.874259646458,926.7205203824105,4224.07269455824
160,scenario_160,0.45,0.35000000000000003,0.2,10.567161304343415,1.056716130434341,0.9419304166622775,1.5103602173905688,61.880030167849824,52.45781695920258,2.3135017563633458,102.76008240435083,29.064302104183923,119867.0114144115,1130987.4318950763,0.044992843394301194,0.707832598915543,-0.12449775178992249,0.2629093229168745,1.561517073677735,0.995339596634812,0.7764156116661795,0.6665305218948216,0.5080177028326748,0.13759781528197593,0.8529543869477925,10.000000000000004,0.7000002864450852,0.970338024771355,4.999999999999999,75.29013069022935,1868.7577664668322,552.4425617031646,923.5152047636678,464594.4175303715,223079.19172883712,109817.58891420186,88390.80987250636,51784.94690110574,7743.240292172858,16317.829765350121,36605.86297140062,3.3639292099293736,1.6152208913164858,0.795142130799172,0.9601618873151686,0.3749526230669427,1821.5037939859374,899.3487895154898,4124.200573773838
161,scenario_161,0.45,0.4,0.15000000000000002,10.68292169586838,1.0682921695868388,0.9471818350662224,1.5296536159780638,61.05351255609956,52.45781695920259,2.201022482804026,102.96006477685621,28.19055534459556,113472.12882263114,1103028.5382837178,0.06763834276303987,0.7106423970316229,-0.126779584478795,0.2863585109101041,1.5577261024919837,0.9886863804359501,0.8001708659696922,0.6327698019755413,0.4729323067174237,0.12843243735619747,0.8598926878803856,9.999999999999993,0.7000004691595395,0.9445902104995743,4.999999999999998,74.76950319373043,1859.2458336552893,545.7431142997746,920.7027193555147,455236.56412001833,221281.32950143996,107849.25538452578,87318.89828796394,51369.14649312201,7587.276068666973,16186.319472790514,35949.751794841926,3.3366362465543347,1.6218717099920454,0.7904763436028226,0.9533193174320864,0.3765078854657258,1947.1379624709655,874.5707293325145,4025.182456875047
162,scenario_162,0.45,0.45,0.10000000000000003,10.798616947936228,1.0798616947936226,0.9524269930651819,1.5489361579893703,60.25951608885376,52.457816959202574,2.094437296625082,103.2920899760223,27.394921496513824,107602.42598482361,1075045.0339547694,0.0885716473285413,0.7131910263953921,-0.13056804814934228,0.30771134280642487,1.5539863589709604,0.9776402296885258,0.8218024018652512,0.5989793643015059,0.4378160268058634,0.12349608527627352,0.8696471206293503,10.000000000000002,0.7000003787400677,0.9201811951494759,5.0,74.26398551852063,1850.6441222365013,539.5395458536079,918.3045763828934,446453.117047959,219699.07395543432,106002.9986907105,86326.32733657729,50991.994439673785,7440.88528413265,16070.580409703065,35334.3328969035,3.3098824394169175,1.6287894049200593,0.7858775098533521,0.9466396761897335,0.3780408300488826,2080.681226354102,850.9560789826382,3927.823848610652
163,scenario_163,0.45,0.5,0.050000000000000044,10.908451266310458,1.0908451266310453,0.9580373986484723,1.5672418777184092,59.53389797307694,52.45781695920255,1.9909813891033927,103.74856000317193,26.669746122291574,102195.41664459971,1047037.6083760097,0.10788128481123768,0.7154105861870785,-0.1357764483517774,0.3271732446579513,1.5504814422663955,0.9624539223111342,0.8415183266915823,0.5651600414138344,0.40266972830569714,0.12262070698596067,0.8821214304564933,10.000000000000005,0.7000004664892007,0.8981539130641053,5.000000000000003,73.79734947423889,1843.275472923388,534.0403278111969,916.4351451121911,438605.7771847112,218352.13185825513,104348.74076717957,85446.45244979153,50663.53886073167,7310.096286411854,15972.054089631625,34782.913589059855,3.2851884349810714,1.6354729819988476,0.7815794825447766,0.9404539739021686,0.3794735058184078,2225.081222915449,829.5370569031088,3831.8856196077904
164,scenario_164,0.45,0.55,0.0,11.016237271854113,1.101623727185411,0.9634493421430861,1.5852062119756853,58.846332064164194,52.457816959202574,1.8929983110909316,104.32093640612835,26.010895283702574,97223.23852188286,1019186.9047434365,0.12563202663551276,0.7173946905286408,-0.14230735990284413,0.3448551610759865,1.5470805712463198,0.9434115241823026,0.85943103314458,0.5315299622710674,0.3677200989455311,0.12563202663551276,0.8972222541115552,10.000000000000002,0.7000001307658246,0.8775274622747696,5.0,73.35097767979696,1836.7098951955627,529.0092740401342,914.9006211554286,431320.4922417613,217191.8775812276,102814.67197163925,84641.48384642148,50369.92652254173,7188.674870696022,15887.183637886092,34271.55732387975,3.2613454123228727,1.6422538374232731,0.7774130021307644,0.9345069828531785,0.38086233262307856,2378.464298080424,809.3967881386053,3737.789009623179
165,scenario_165,0.5,0.0,0.5,10.217841065830495,1.0217841065830493,0.8925872596136148,1.4521401776384164,64.82830588274511,52.45781695920258,3.151779867237651,104.27388866971667,35.05484880439535,162722.4877389756,1265940.9765183288,-0.1417705372742458,0.694966486290018,-0.1417705372742458,0.10213796186294878,1.5742524695385958,0.9449767559479452,0.6135458113276525,0.8294886448260081,0.6773698465934865,0.26779965465962036,0.8872327003869767,10.000000000000002,0.6962676426930645,1.0593253307771442,4.999999999999999,77.00004775220283,1907.4841152984825,580.8806107763212,933.8035045221784,498319.4775547801,232508.94580326107,117755.98137625644,92940.89772421142,53688.90393212595,8305.324625913001,17007.59881338669,39251.99379208548,3.4314760610707804,1.6010790616166244,0.8108790632132187,0.9827314114133806,0.3697069789289272,1229.181436709851,982.93795852046,4641.939511619649
166,scenario_166,0.5,0.05,0.45,10.208083249707158,1.0208083249707167,0.8994118594247182,1.4505138749511932,64.65969742129148,52.45781695920253,3.0032718256276336,103.7580189581559,34.08808322756587,155946.17588056208,1249990.9185166652,-0.11188729299271152,0.6961490755475788,-0.13588437662772782,0.12808354335745128,1.5735554570364143,0.9621392322125258,0.6398300428597798,0.810228746763673,0.6573542440153413,0.23427139866091223,0.8776640542929048,9.999999999999991,0.7000005692909052,1.0594721093957433,5.000000000000004,77.0000160550806,1904.1064368964285,578.2950817977871,933.0113550986412,497553.6923127859,231644.46107136869,117039.93432697143,92527.213087646,53513.90164532219,8292.561538546432,16944.363356146412,39013.31144232381,3.441521174733183,1.6022578670476595,0.8095516493975428,0.9817761162523936,0.37014945020081913,1303.5082015094745,984.2707080031771,4574.800373476375
167,scenario_167,0.5,0.1,0.4,10.208563569461061,1.0208563569461058,0.9064550728394751,1.4505939282435096,64.6594758216655,52.45781695920262,2.8521493703518868,103.37099268320296,33.23412836931103,149890.66112837315,1234069.7860214824,-0.08439002348657665,0.6964513441955804,-0.13146834138133967,0.15100156598723852,1.5735545385711873,0.9750152144785763,0.6630471988594437,0.7910037766186008,0.6373749398282131,0.20431596183933928,0.8702138377726729,10.000000000000004,0.7000000015047276,1.0594639880752916,4.999999999999996,77.00000004144343,1904.2710313212683,577.8701196852558,933.6009116368782,497590.7460383327,231253.7014030652,116970.14374873282,92459.21914964095,53469.17123339667,8293.179100638878,16915.780010039027,38990.04791624428,3.4443085329232916,1.6007313306250919,0.8096639003410805,0.9819400525582399,0.3701120332196398,1386.5994748174119,984.2046094281324,4510.142690150549
168,scenario_168,0.5,0.15000000000000002,0.35,10.209040944933962,1.0209040944933974,0.9128445281354485,1.4506734908223264,64.65925437517984,52.45781695920255,2.707720161168515,103.07535795886561,32.42895961514226,144100.09079840002,1217165.5661407548,-0.05870154759557521,0.6967165596313135,-0.1280950991825024,0.17261029102751538,1.573553620734393,0.9848506900370748,0.6849379678982127,0.7705917159419463,0.6161619669982124,0.17750068251225043,0.8648731407829505,9.99999999999999,0.7000000001413464,1.059456729096337,5.000000000000003,77.00000000398744,1904.4360830642888,577.4980073026104,934.1380757618355,497628.1460383501,230908.36962580486,116909.2713813175,92399.6811684177,53429.92404131186,8293.802433972503,16890.519630035724,38969.75712710583,3.4467869308341466,1.599370849463785,0.8097639811945306,0.9820858563001433,0.3700786729351565,1475.6092169641847,984.1393015737435,4443.561943045328
169,scenario_169,0.5,0.2,0.3,10.271539728241487,1.0271539728241497,0.9180865681010624,1.4610899547069138,64.1465357313883,52.45781695920256,2.581190661238966,102.83677423957019,31.485094377290125,137276.5274855537,1195329.9848310323,-0.03299736059065909,0.698912500290806,-0.12537281859896576,0.19794128443010756,1.5714115453344517,0.9927881349534172,0.7105995895378584,0.7442249735693968,0.588760667422211,0.15353004781320193,0.8617814774550994,9.999999999999991,0.7000000057502164,1.0427213282788226,5.000000000000003,76.68913080206566,1897.3726837928787,572.6473028059997,931.925380986879,491334.2283558434,229319.61897765036,115555.81431874231,91623.56844895997,53104.96367604587,8188.903805930723,16774.30546225405,38518.6047729141,3.432019855490678,1.601821001191994,0.8071691860069063,0.9781364375667706,0.3709436046643646,1568.9226358369037,968.3561988626274,4360.04814978639
170,scenario_170,0.5,0.25,0.25,10.38605426769291,1.0386054267692901,0.9224946727886848,1.4801757112821512,63.23534801568003,52.4578169592026,2.4686296491051336,102.69851821289897,30.46622841944067,129917.64815253597,1169674.288748238,-0.007435159150734991,0.7024609046334938,-0.12379529395446998,0.22528511045673497,1.5675189946232337,0.9973877765353992,0.7383003159374716,0.7132453939828313,0.5565655358054274,0.1335650145883056,0.8615803157477754,10.000000000000007,0.7000003216416454,1.0133089180967254,4.999999999999997,76.13148269140906,1885.195204126465,564.5511125473352,927.8440915791298,480337.20322094567,226907.5131290654,113244.94617911165,90328.17800757363,52579.86261453642,8005.620053682428,16597.864386292746,37748.315393037214,3.403321276286893,1.6077021767274624,0.802371609317245,0.9709036261541046,0.3725427968942515,1667.0506347128041,940.5120001185051,4264.316749809267
171,scenario_171,0.5,0.30000000000000004,0.19999999999999996,10.500694535799608,1.050069453579962,0.9271236818430676,1.4992824226332684,62.36149182627405,52.45781695920258,2.3595445896420877,102.6945087827962,29.527129762475553,123109.76769623451,1143649.9482020333,0.01658960171083998,0.7056916276448411,-0.12374954567897106,0.2504881806938583,1.5636790664507574,0.9975211663185773,0.7638323447175309,0.6818206715142909,0.5239077951453736,0.11805324039774666,0.864274420877406,9.99999999999999,0.7000004602689278,0.9854965691197345,4.999999999999999,75.59047738786815,1874.1504574348075,557.0604876375357,924.2899697972716,470054.5269277809,224756.54464353775,111083.71575783787,89129.67802200574,52101.77276939312,7834.242115463015,16440.525024851373,37027.905252612625,3.3752494557368977,1.6138753304634363,0.7976420386873107,0.9638505289202465,0.37411932043756324,1772.3747592548352,914.0039080957466,4169.378083361428
172,scenario_172,0.5,0.35000000000000003,0.14999999999999997,10.612865007853614,1.061286500785362,0.9320535324448864,1.5179775013089358,61.540995037714424,52.45781695920258,2.2534752094890895,102.81814407863504,28.665415382752194,116829.23703223004,1117427.4635054062,0.039041099636804605,0.7085783341618995,-0.12516024531218947,0.273614449563939,1.5599743462042563,0.9934079420242518,0.7872604650540985,0.6501566874619753,0.49100140494638855,0.10683514543324218,0.8697686369003567,9.999999999999995,0.7000003427060635,0.9597344401032393,4.999999999999999,75.07687623947801,1864.3594419699443,550.2594649579754,921.2999770119688,460632.04156793753,222872.91669976094,109100.76934345966,88041.51439327608,51674.59127878953,7677.200692798959,16302.741128963993,36366.923114486555,3.3484715549826443,1.620129636238295,0.7930859988154273,0.9571257573040884,0.3756380003948575,1885.6302799630594,889.2971054454551,4075.6163994932194
173,scenario_173,0.5,0.4,0.09999999999999998,10.718921552788402,1.071892155278841,0.9370480208195304,1.5356535921313998,60.79443156420618,52.45781695920256,2.148462817435603,103.06291637197498,27.873172530634747,111006.86231874247,1090941.766244038,0.05997104549098213,0.71108020258936,-0.12795313857211038,0.29487627556984775,1.556516561372803,0.9852646093560791,0.8087998072212232,0.6181748708873511,0.4577647113661317,0.09975041207849708,0.877969714655264,9.999999999999993,0.7000005772672335,0.936590614866811,5.000000000000003,74.60474716907049,1855.9457311665983,544.2664805711621,918.8792505954364,452251.12798842305,221275.25483595926,107334.83362440858,87082.63689138595,51304.35901658309,7537.5187998070505,16185.875122259982,35778.27787480286,3.3237477899709957,1.6262273186748475,0.7888403012566171,0.9509183836246798,0.37705323291446097,2009.316821132517,866.9795257963275,3982.570057166526
174,scenario_174,0.5,0.45,0.04999999999999999,10.825198208602373,1.0825198208602367,0.9421120494594635,1.5533663681003953,60.07282796201107,52.4578169592026,2.049614724022304,103.42138097076106,27.1505007409999,105653.96411445556,1064577.8006604875,0.07936874128184718,0.7133756791433797,-0.13204328026343173,0.3142709874432682,1.5530926985491451,0.973338845872611,0.8284476650843393,0.5863400468631916,0.4246807779127732,0.09663434311339349,0.8887878745674178,10.000000000000005,0.7000004152254207,0.9144885054348535,4.999999999999997,74.14394954094755,1848.2607951005723,538.6627740754977,916.7980210250747,444320.128760164,219848.73099265472,105664.12425625177,86186.04385207966,50964.669099995735,7405.335479336068,16081.527544833076,35221.374752083924,3.2994307395586913,1.6325518790117186,0.7846402561424607,0.9448314479521503,0.3784532479525131,2139.342753062237,845.5641363611055,3891.4186195802936
175,scenario_175,0.5,0.5,0.0,10.927387081752748,1.0927387081752744,0.9473710095925798,1.5703978469587911,59.402698465841794,52.45781695920259,1.9549842582951316,103.88496531419393,26.491998311706098,100726.34815052361,1038391.8168213122,0.0973053487026884,0.7154100083964552,-0.13733285601774514,0.33194355342312193,1.5498385750868322,0.9579158522125913,0.8463508990542424,0.5547201380608618,0.39182019235327226,0.0973053487026884,0.9021333756334169,10.000000000000004,0.7000003412156235,0.894199450995557,4.999999999999998,73.71206194131295,1841.536537936039,533.6087889952216,915.1277489408176,437105.054087808,218614.10715338608,104141.34562714284,85377.40623923548,50663.6243635212,7285.0842347968,15991.217097331019,34713.78187571428,3.276595611634291,1.6387594182249774,0.7806568990232685,0.9391068873088014,0.3797810336589106,2277.48344154864,825.8164176550812,3802.142328614575
176,scenario_176,0.55,0.0,0.44999999999999996,10.207336177130905,1.020733617713089,0.8860477234159455,1.4503893628551505,64.66004515314145,52.45781695920256,3.0305889600775737,103.83287495806101,34.28892896307004,157241.36100825926,1252646.6673741823,-0.1367384962453812,0.6955457175400945,-0.1367384962453812,0.12269334378555878,1.5735568982698955,0.9596488469605094,0.6343694886770949,0.8134355973136589,0.6606869224089797,0.22210294214908116,0.8938528846194267,10.000000000000014,0.7000000141674791,1.0594826646409436,5.000000000000003,77.00000041980618,1903.8467126134697,579.1461339298307,931.9005786886366,497494.5995976883,232416.08949019678,117180.58042030687,92663.38142877293,53603.1879553373,8291.57665996147,17000.80654604217,39060.193473435625,3.436055741040064,1.6052327789058936,0.8093334207390526,0.9814552649666426,0.3702221930869824,1289.8263925340088,984.37256718379,4585.776393821218
177,scenario_177,0.55,0.05,0.39999999999999997,10.20769446641383,1.0207694466413841,0.8928620157240849,1.4504490777356382,64.65987896685667,52.45781695920259,2.8857853827183653,103.44509243416698,33.46605666172204,151425.53146850303,1237731.3012530566,-0.1092229137346005,0.6958583098310732,-0.13231383207068742,0.1447771879623556,1.5735562094846571,0.9725499888825945,0.6567415782594902,0.795425102867474,0.6419697465493781,0.1912541503789909,0.885909613945391,9.99999999999999,0.7000000002643706,1.0594771975374655,4.999999999999998,77.00000000757524,1903.9705445444527,578.704819039029,932.4657255055731,497522.65439633216,232017.6114976236,117107.52365801799,92592.77104624467,53556.92982690534,8292.04423993887,16971.65861880765,39035.84121933933,3.4388699594552925,1.6037026398563707,0.809445643480083,0.9816204535455021,0.370184785506639,1367.6552701298986,984.3235258853248,4524.749748652079
178,scenario_178,0.55,0.1,0.35,10.20805386150185,1.0208053861501853,0.8989365625091688,1.450508976916975,64.65971170644873,52.45781695920255,2.7488547274667137,103.14357209744699,32.69820044787774,145926.29470542024,1222137.1771949506,-0.0836029769096632,0.6961282862430235,-0.12887343403926144,0.16538453730312705,1.5735555162439705,0.9825812729573828,0.6776179013224762,0.7765949995726017,0.6224008026829176,0.16349834594774007,0.8799897401092187,9.999999999999998,0.7000004702284799,1.0594724275964917,5.000000000000003,77.00001354468944,1904.0960452646013,578.3243567624974,932.9716885021044,497551.2993411081,231671.22081329147,117044.75696227264,92531.8970819996,53516.97809457539,8292.521655685136,16946.320781712984,39014.918987424215,3.4413304127561712,1.6023618449010455,0.8095440255533961,0.9817649226298417,0.3701519914822014,1449.6058985365828,984.2746694816791,4462.823418616957
179,scenario_179,0.55,0.15000000000000002,0.29999999999999993,10.22544592639354,1.0225445926393548,0.9050823134295888,1.4534076543989234,64.51803211853466,52.45781695920257,2.614948965406631,102.90347093223156,31.885592366449146,140044.0878272257,1203818.878321697,-0.05899239174630083,0.696947800932948,-0.1261338391411651,0.18719291536820148,1.572967008811852,0.9905692018021308,0.6997109293212526,0.7544754205129232,0.5994133132257325,0.13852931974530913,0.8761123265432368,9.999999999999993,0.7000004792019747,1.0548345867115232,5.0,76.91439630689985,1902.2262069669532,576.6839384664327,932.7422685005208,495827.7245657537,230959.1960759956,116621.17720395961,92269.43015462926,53395.70441997605,8263.795409429229,16894.237490744123,38873.7257346532,3.439164446884379,1.6019811246360147,0.8089087933614978,0.9807903528964934,0.37036373554616736,1540.611377207866,979.8710326362411,4392.080480041003
180,scenario_180,0.55,0.2,0.24999999999999994,10.335113224033734,1.0335113224033756,0.9092931293475408,1.4716855373389561,63.62887606453863,52.45781695920257,2.507399724606232,102.72239398418691,30.884006896186065,132820.12108747094,1179527.0738050472,-0.03389686809788627,0.700500416583346,-0.12406772054244533,0.21407297612465118,1.5692138048284507,0.9965934531842803,0.7269418372378806,0.7251427573531998,0.5689297184287391,0.11680977853377005,0.8748004560372302,9.999999999999979,0.7000000193367252,1.0259598258379543,5.0,76.37285787644068,1890.0535943524656,568.6428104572776,928.6107838951881,484977.0259435924,228511.15036751283,114338.60854118729,90982.84967316443,52869.98015943532,8082.950432393207,16715.167480586584,38112.8695137291,3.4114703784162512,1.6074143287506204,0.8042912453196492,0.9737910629270088,0.37190291822678345,1631.4856344026516,952.6200995860538,4300.611689860528
181,scenario_181,0.55,0.25,0.19999999999999996,10.442245526118233,1.044224552611823,0.9137276164591239,1.4895409210197057,62.79545357464934,52.45781695920261,2.4016116726479537,102.66503692394609,29.959764266506102,126130.8692945988,1154918.9111081467,-0.010197449799195374,0.70367666508638,-0.12341326678556916,0.23887734757082696,1.5655993541311817,0.9985016659809007,0.7520699632827069,0.695428087663959,0.5380491282347643,0.09945186580759653,0.876279024642964,10.000000000000004,0.7000004176973932,0.9992599970344,4.9999999999999964,75.8596322748217,1879.2284953766139,561.3518362450181,925.0766591315961,475052.87865386065,226359.85147740404,112249.02666446134,89816.29379920292,52399.951577715794,7917.547977564344,16557.80395066196,37416.34222148712,3.385063327353293,1.612962401559529,0.7998479343387558,0.9671272055476609,0.3733840218870813,1729.5183162331696,927.2517080049272,4210.0087361371
182,scenario_182,0.55,0.30000000000000004,0.1499999999999999,10.548782776438843,1.054878277643884,0.9183566356418793,1.5072971294064736,61.99870950186933,52.457816959202546,2.299252536494271,102.72579607360089,29.106738958730144,119930.15796235806,1130074.6953228728,0.01208533010238147,0.7065705289397096,-0.12410653895797862,0.2617704233797083,1.5620531189587719,0.9964802690265192,0.7752618468475704,0.6654283808658317,0.5068723168732094,0.08630337811800563,0.8804569591487313,10.000000000000002,0.7000004073137952,0.9740637729817834,5.0000000000000036,75.36377311945111,1869.4135083135614,554.6074081506778,922.0061001628835,465783.60934233613,224437.5538990672,110296.42312839317,88737.18530410845,51971.7109279774,7763.0601557056025,16417.19144261695,36765.47437613105,3.359375316644095,1.6187129894095544,0.7954918849437901,0.9606590767164537,0.3748360383520699,1834.147940277585,903.1661851315223,4120.357080619873
183,scenario_183,0.55,0.35000000000000003,0.09999999999999992,10.652511656550356,1.0652511656550363,0.923220111205507,1.5245852760917264,61.251687742101865,52.457816959202546,2.2001362301221805,102.8979183500484,28.323467160439193,114202.79798332597,1105172.2890344507,0.03293139471082822,0.7091626413850639,-0.12607048323947026,0.2827914886327258,1.55864439301592,0.9907539307323043,0.7965572857753638,0.6353584082944564,0.4756224827060498,0.07720050351035032,0.8872455527535904,9.999999999999993,0.7000002532657433,0.9507320094269426,5.0000000000000036,74.89415368666377,1860.6960628937763,548.4747851957907,919.4212776979857,457284.4632083802,222747.6980443042,108503.52445060335,87755.96563132651,51588.124147792056,7621.40772013967,16293.581616203734,36167.84148353445,3.3349534057077346,1.6244881555660886,0.7913109399322377,0.9545092775678674,0.37622968668925394,1945.7481693494785,880.7385418863308,4032.091033785537
184,scenario_184,0.55,0.4,0.04999999999999993,10.750453432384845,1.0750453432384832,0.9278798010802557,1.5409089053974734,60.57052788555174,52.45781695920256,2.102462039557197,103.17523835299338,27.602603686511586,108883.52373260453,1080120.3467535882,0.05239574176008813,0.7114142910958482,-0.12923475137005724,0.302137669814038,1.5554629132171236,0.9815277678823152,0.8161559795082384,0.6051078691087938,0.44418499699583613,0.0719852045218755,0.8965580575940084,10.000000000000012,0.700000596837782,0.9297044866923518,5.000000000000003,74.46191504601312,1853.155137156487,543.056060180988,917.2990769754991,449692.56872456864,221314.11632590598,106902.14940112231,86888.96962895809,51254.91982858398,7494.876145409477,16188.717768283863,35634.0498003741,3.31231047177484,1.6301382678771477,0.7874115196541167,0.9488230780583448,0.37752949344862774,2066.5776650202515,860.4282950210019,3944.6830802346394
185,scenario_185,0.55,0.45,-5.551115123125783e-17,10.848112927775915,1.0848112927775917,0.9328903827199737,1.5571854879626525,59.913588515308646,52.457816959202574,2.010321959736772,103.55145029089685,26.941859321285495,103971.21108986132,1055233.2255655318,0.07050161543698238,0.7134950749483792,-0.13352739320192208,0.3198704037734212,1.5523260315077536,0.9690115679387568,0.8341201667894061,0.5750563534906715,0.4129543439811373,0.07050161543698236,0.908310437421549,9.999999999999998,0.7000003463395854,0.9096466382875272,5.0,74.04133520338118,1846.2665454899238,537.9708490505681,915.4956964393557,442513.23240083264,220015.41691415347,105385.00564436695,86075.33584809091,50947.00063330193,7375.220540013877,16093.720311313076,35128.33521478898,3.2902394855170845,1.635890995227308,0.78357409759547,0.9432725984297278,0.37880863413484334,2193.1077735847853,840.9675334220094,3859.095612147249
186,scenario_186,0.6000000000000001,0.0,0.3999999999999999,10.207070620469278,1.0207070620469272,0.8801773083712924,1.4503451034115455,64.66016831684377,52.45781695920258,2.916880154143048,103.52033624223756,33.68481256860522,152862.44168214497,1241020.5984596065,-0.13317237664509027,0.6952679289788875,-0.13317237664509027,0.13890632397477454,1.5735574087389792,0.9700467016355859,0.6507940858752511,0.7993969711132364,0.6460974597928559,0.17853555793008813,0.9017868094266461,10.000000000000005,0.7000000000268988,1.0594866794228028,4.999999999999999,76.99999999885976,1903.7548660009527,579.5390269802878,931.4158390206989,497473.7800353449,232767.98712769087,117245.8457079227,92726.24431684606,53644.29574753849,8291.229667255748,17026.547206562573,39081.94856930757,3.4335826018651594,1.6065733370229653,0.8092352041852093,0.9813102089645761,0.37025493193826353,1350.5886874552177,984.4089011873716,4538.022628768171
187,scenario_187,0.6000000000000001,0.05,0.3499999999999999,10.20735584431235,1.0207355844312354,0.8864589261319412,1.450392640718725,64.66003599492763,52.457816959202574,2.7826033676453994,103.2069485464171,32.926579174161844,147454.86897251356,1226089.678954589,-0.10737718612896019,0.6955648806754613,-0.1295965700394643,0.15925542079708896,1.573556860312328,0.9804728010374246,0.671408785625215,0.7813676957580259,0.6273607661139026,0.1497810971560417,0.8953328134190246,9.999999999999996,0.7000000663824193,1.0594824435481398,5.0,77.00000194024366,1903.8536518709438,579.1190505281417,931.9346013583231,497496.1952127115,232391.74174215418,117176.08780245035,92659.04808450266,53600.35215035254,8291.603253545192,16999.025553361276,39058.69593415012,3.4362274545035794,1.6051396791745594,0.8093402397699663,0.9814653338175346,0.3702199200766778,1428.9526987592064,984.3699117981749,4478.292998266409
188,scenario_188,0.6000000000000001,0.1,0.29999999999999993,10.20767792892147,1.0207677928921473,0.8925872154110286,1.4504463214869112,64.65988696825832,52.45781695920256,2.6533521495064734,102.9689221122825,32.20458433552433,142240.45865248214,1210298.7535572296,-0.0832359891503192,0.6958459088352736,-0.1268806481738537,0.17863196499088782,1.573556242647808,0.9883917056263726,0.6910382386783376,0.7622999523409575,0.607544857791706,0.12399826493228831,0.8908288329459445,9.999999999999998,0.7000001210791101,1.0594776426074701,5.000000000000003,77.00000379086455,1903.9651751276651,578.7223019144122,932.442873213253,497521.4952173092,232033.4778504389,117110.41005429189,92595.56830630597,53558.76495487534,8292.024920288486,16972.819213133957,39036.80335143063,3.4387580611392305,1.6037638576075095,0.8094411407121576,0.9816138704979699,0.3701862864292808,1512.6637611314516,984.3258789029026,4416.77672875843
189,scenario_189,0.6000000000000001,0.15000000000000002,0.2499999999999999,10.288454164382657,1.0288454164382659,0.8971402089832949,1.4639090273971096,63.99718943798022,52.45781695920256,2.5417542041269607,102.7638649798422,31.274212235195677,135520.77307321024,1188314.7871757715,-0.0589125620585402,0.6986070238053484,-0.12454091161594245,0.20360083617106878,1.5707811399948843,0.9952137540807042,0.7163330115603712,0.735754033105521,0.579957350954008,0.10080491619459678,0.8885167124588584,9.999999999999998,0.7000001583311755,1.0378718683320252,5.000000000000003,76.59772689727316,1894.7734084780311,572.5624385183835,929.4109699596479,489380.70458863874,230073.41302507816,115379.46411534648,91609.99016294137,53150.1687911592,8156.345076477312,16829.444100908495,38459.821371782156,3.418880958066382,1.6073245294989156,0.8060568165380407,0.9764630266694285,0.37131439448731973,1600.8198633564868,963.9692659881625,4333.307328543884
190,scenario_190,0.6000000000000001,0.2,0.1999999999999999,10.39178075629284,1.0391780756292832,0.9014882242029079,1.4811301260488068,63.178383919684656,52.45781695920257,2.440264524170435,102.66260558507389,30.360946654238553,128923.7701512005,1164903.7229980594,-0.03551149085968527,0.7018127850385057,-0.12338552479787897,0.2281106109548959,1.5672719176189145,0.9985825542260335,0.7411626957728799,0.707484875115845,0.5505789902945253,0.08170660537115679,0.8888790467133652,10.000000000000009,0.7000002180485888,1.01148395904249,5.0,76.09591426439906,1883.8756695098082,565.2670759293366,925.8085935804717,479523.78029648087,227870.11692105446,113300.87790344887,90442.73214869389,52675.77284754427,7992.063004941348,16668.27707107713,37766.95930114962,3.3932546275270807,1.612477546451265,0.8017511206869756,0.9699715074205141,0.3727496264376749,1691.8979131517683,938.9715039205762,4246.368587232508
191,scenario_191,0.6000000000000001,0.25,0.1499999999999999,10.489328096137497,1.0489328096137487,0.9056779799678171,1.4973880160229158,62.433872789812284,52.457816959202596,2.3404337933605492,102.67001268180697,29.525847560648927,122860.47766406232,1141485.6195554817,-0.013472207840884612,0.7045953451902671,-0.12347004102420145,0.2505225917990759,1.5640012082887007,0.9983361274267429,0.7638672049675126,0.6792072171242425,0.5211917961168212,0.06672739275277123,0.8918495602665604,10.000000000000009,0.7000009220959446,0.9877862163154817,4.999999999999997,75.63502024866044,1874.4401923724836,558.8430348834975,922.7971574889863,470758.35655294295,225993.05456344306,111452.64721498726,89414.8855813596,52264.003176363854,7845.972609215716,16530.97343565926,37150.88240499575,3.3695211511481555,1.617578035024135,0.7977384722221463,0.9639801805166599,0.37408717592595114,1789.5270126658525,916.3888847444636,4161.116032713205
192,scenario_192,0.6000000000000001,0.30000000000000004,0.09999999999999987,10.589046907839306,1.058904690783931,0.9102724426989041,1.5140078179732175,61.699723564873395,52.45781695920259,2.2445836960431373,102.78186429342978,28.746147286208192,117177.25108368626,1117756.3936297072,0.0073184108623372685,0.7072247819734692,-0.12474628682780144,0.27144780624261466,1.5606987267819672,0.9946149346786289,0.7850655420103697,0.6505538747739593,0.49141417677726856,0.05572798745383032,0.8973440108876842,9.999999999999996,0.7000009813494764,0.9646924611025628,4.999999999999998,75.17613726835219,1865.588755105218,552.6894720581304,920.0992830470877,462296.6691822103,224248.5601592787,109666.2674242554,88430.31552930087,51874.89305454907,7704.944486370172,16403.36690053983,36555.4224747518,3.345796817592263,1.6229624155800297,0.7936917416999104,0.9579926239591906,0.37543608610002976,1892.9517405307324,894.2613214148273,4076.2767238692013
193,scenario_193,0.6000000000000001,0.35000000000000003,0.04999999999999988,10.685649954856846,1.0685649954856846,0.9151079564193503,1.530108325809474,61.01292844360775,52.45781695920256,2.1521633593068845,102.99098894115279,28.030279429817718,111927.09128887192,1094107.4010629738,0.026791063648376398,0.7095851461539889,-0.12713243442293734,0.2906599174849142,1.5575373107164787,0.9876575640044983,0.8045284158804575,0.6219974152259938,0.4617372416501438,0.04853837254846471,0.9052793547221588,10.0,0.7000006392312708,0.9433350618297696,5.000000000000003,74.7428400531144,1857.723819259397,547.0894507699115,917.8343684894858,454542.5616208371,222708.2573767848,108026.13361770705,87534.31212318585,51525.600917283504,7575.709360347285,16290.696604412962,36008.71120590235,3.3233509509727552,1.6283133009665638,0.7898242853389574,0.952320172684846,0.3767252382203475,2002.3381256856967,873.6931748534482,3993.0779701684833
194,scenario_194,0.6000000000000001,0.4,-1.1102230246251565e-16,10.77877107241118,1.0778771072411177,0.9199887718585282,1.5456285120685298,60.37221464040975,52.45781695920258,2.062583584052258,103.29184114330226,27.37054547409989,107049.63227199022,1070475.6098529433,0.045007088471774384,0.7116949529573979,-0.13056520892592724,0.3083655345683268,1.5545231622132432,0.9776485081075833,0.8224651323475066,0.5934617265352001,0.4320818923705147,0.045007088471774336,0.9155751578035526,10.000000000000002,0.7000003228222472,0.9236262224371369,4.999999999999999,74.33507233518705,1850.7511891275988,542.0082122218168,915.9429769057822,447447.3540014485,221358.21748653447,106523.7813501658,86721.31395549071,51213.38683876877,7457.455900024142,16191.94368651502,35507.927116721934,3.3021444613708586,1.6336152294013107,0.786141456517791,0.9469623321579248,0.37795284782740285,2118.623380310968,854.6267896910554,3911.125277838865
195,scenario_195,0.65,0.0,0.35,10.206866246821836,1.0206866246821853,0.8748956907036047,1.450311041136973,64.66026313052075,52.457816959202574,2.814377503663515,103.27347784390454,33.1443733627987,148904.6641022396,1229709.9164940503,-0.13035568057442137,0.6950111158201148,-0.13035568057442137,0.15341036693321597,1.573557801706117,0.9782594369583958,0.665487440246683,0.7857391786682568,0.6319037737832655,0.136435128450769,0.9108773465568472,9.999999999999982,0.7000000015094844,1.0594897888007104,5.0,77.00000005884932,1903.6842168492637,579.9028139425993,930.9814029067857,497457.77120859607,233091.57325189406,117306.45203856872,92784.45023081591,53682.299551293,8290.962853476602,17050.216932314474,39102.15067952291,3.431318208832393,1.6077974974266376,0.809145596249375,0.9811774847825346,0.3702848012502084,1410.0128910906885,984.4368748073733,4492.6076131332275
196,scenario_196,0.65,0.05,0.3,10.207087042287295,1.0207087042287288,0.8806235717125221,1.4503478403812151,64.660160619814,52.4578169592026,2.6903609148168064,103.02630680417782,32.448363314330365,143896.39891777927,1214935.7517974253,-0.10613363426573193,0.6952893384788625,-0.12753541721258035,0.17208954404329738,1.5735573768376263,0.9864825735518725,0.6844104239576098,0.7678991867394832,0.613363790482837,0.10971559315883872,0.9058039500284425,10.000000000000007,0.7000002772539151,1.0594868467815672,4.999999999999997,77.0000081428934,1903.7612925043693,579.5087021681226,931.4525903362469,497475.36022630375,232740.95210141942,117240.79447969038,92721.39234689964,53641.12752033618,8291.25600377173,17024.569644455678,39080.264826563456,3.433773183146989,1.6064708000460597,0.8092426846468813,0.9813213498234841,0.3702524384510397,1488.1544628816418,984.4068473364182,4434.627334631372
197,scenario_197,0.65,0.1,0.24999999999999997,10.246223439940344,1.0246223439940334,0.8859312433012717,1.4568705733233909,64.33730172409216,52.45781695920255,2.5740362612959418,102.81991861694092,31.646049870000937,138090.02527703348,1196371.4208873042,-0.08267354205839986,0.6968002340012165,-0.1251804930943479,0.1936216396752624,1.5722125304579304,0.9933489048858567,0.7062235633964924,0.7454825208635912,0.5900675573539413,0.08551173279468541,0.9026697747313539,10.00000000000001,0.7000002735377097,1.0489328692735695,5.000000000000003,76.8044792608195,1899.2783849917328,576.2710858651479,930.207299126585,493499.7947861969,231579.01153497258,116357.49607027082,92203.3737384237,53417.5417150001,8224.996579769948,16939.575843761882,38785.8320234236,3.4254697616508887,1.6074310664905638,0.8076580548585731,0.9789003677782698,0.3707806483804757,1572.966294820847,974.4624198760768,4363.578577556902
198,scenario_198,0.65,0.15000000000000002,0.19999999999999996,10.34412329683126,1.034412329683125,0.8900926271644545,1.4731872161385429,63.547814058204246,52.45781695920254,2.4759850093460147,102.6810599174817,30.748157936833756,131611.78429771823,1174137.0767904385,-0.05959954512509801,0.6999688270080302,-0.12359609185142437,0.21771882402231615,1.568866411060139,0.9979685967968028,0.7306352719097323,0.7186342673497886,0.5621658534866464,0.06475353459725083,0.9020017321743395,10.00000000000001,0.7000002131295918,1.0233476667846044,5.0000000000000036,76.32281754758094,1888.5299084728686,569.1159865003956,926.6139219724729,483896.9315757819,229372.96333106194,114329.73548636792,91058.55784006331,52948.646011274,8064.948859596365,16778.207502920268,38109.91182878931,3.4010426208643882,1.6121350921208217,0.803560175418045,0.9726910546196724,0.372146608193985,1658.1641661562712,950.2957246587013,4280.31443600913
199,scenario_199,0.65,0.2,0.14999999999999997,10.437773791941279,1.0437773791941283,0.8945726126106486,1.4887956319902131,62.819783196515914,52.45781695920255,2.379363498264615,102.64423010864479,29.919129115653895,125609.28154435601,1151792.4247106311,-0.037730268946680905,0.7027834665499492,-0.12317585750438596,0.2399678938658605,1.5657062276890061,0.999193888194664,0.7531747437371838,0.6916528155424942,0.5341257249974769,0.04804813014494275,0.9038588984053425,9.999999999999996,0.7000007197137694,1.000034889904342,5.000000000000003,75.87431191151425,1879.0753687751956,562.6914993286462,923.5838694465497,475232.5979419399,227435.70798506218,112495.53220397676,90030.6398925834,52532.12915792448,7920.543299032332,16636.50086187029,37498.51073465892,3.3782816943845453,1.616770171622769,0.7996959779075851,0.9668914004208954,0.3734346740308049,1749.3561817484115,928.142485632151,4198.293374743865
200,scenario_200,0.65,0.25,0.09999999999999998,10.534460438949038,1.053446043894905,0.8989722416869692,1.504910073158173,62.094051177123035,52.457816959202574,2.287123164264412,102.70459549366517,29.14496697461385,119983.06657831652,1129177.6019215488,-0.01702877138049695,0.7054553279928696,-0.12386463675572784,0.26074447859510336,1.5624822695120124,0.9971855914011191,0.774222511103122,0.6643451291647976,0.5057465614060817,0.03524876189816089,0.9081607751029876,9.99999999999999,0.7000001854979134,0.9770615992863894,5.0,75.42295793117253,1870.0784445441589,556.4961144221245,920.7823301220344,466771.3552391747,225636.70592118078,110707.91211137259,89039.37830753994,52136.74093708241,7779.522587319579,16504.907192382667,36902.63737045753,3.3550735981247835,1.6218385003854765,0.7957497581188587,0.9610215244314375,0.3747500806270471,1845.1604931470717,906.1947436524637,4116.767971733349
201,scenario_201,0.65,0.30000000000000004,0.04999999999999993,10.626778020836895,1.0626778020836904,0.903563501562282,1.5202963368061493,61.42435719806952,52.45781695920258,2.1972473168595923,102.85599772899896,28.432801289593925,114777.45536149135,1106631.4726840935,0.0024444890740911995,0.707827369603889,-0.12559216186419064,0.27985723277370184,1.559439666282346,0.992148588429072,0.7935847310692984,0.6371203911250779,0.47745360081337784,0.026194944661055496,0.9148280213559402,9.999999999999991,0.7000000319345464,0.9560995189486025,4.999999999999999,75.00266476139444,1862.171192066617,550.9272471193145,918.4439449473025,459119.9513661296,224062.43207898395,109087.916377143,88148.35953909035,51785.72074670935,7651.999189435494,16389.751976147898,36362.638792381,3.3334343419518526,1.6268023282606574,0.7920313758126234,0.9555384308718192,0.3759895413957921,1946.803582401482,886.0659112206064,4036.7972959280155
202,scenario_202,0.65,0.35000000000000003,-5.551115123125783e-17,10.715795166816205,1.0715795166816204,0.9082056749699197,1.535132527802701,60.798827060005145,52.45781695920255,2.1101338906513094,103.09286721149466,27.7754530866589,109938.85149515074,1084128.3485218657,0.020732914001594563,0.70995592200243,-0.1282948827159516,0.2974988221913231,1.5565371680709488,0.9842681744795176,0.81145658416096,0.6099475822610991,0.4492146069519867,0.02073291400159454,0.9237841178680224,10.0,0.7000000344116577,0.9367253261270744,5.000000000000003,74.6067473103003,1855.1300301378853,545.8614487485108,916.4685813893872,452106.4142171539,222673.969843146,107601.29744395376,87337.83179976176,51470.732651777165,7535.106903619232,16288.188534822717,35867.09914798459,3.312975593009487,1.631725195861826,0.7884879776042055,0.9503551053321012,0.37717067413193156,2054.3801017873725,867.3775048879756,3958.1299052852014
203,scenario_203,0.7000000000000001,0.0,0.29999999999999993,10.206695340696552,1.0206695340696545,0.8696372566367148,1.4502825567827582,64.66034251283176,52.457816959202574,2.723262399026108,103.08456996455394,32.669668449507846,145386.28513576707,1218940.5529317036,-0.1282002097252285,0.6947488037172658,-0.1282002097252285,0.16615026511413875,1.5735581307151436,0.9845442156978531,0.6783936236580687,0.7727350350854942,0.6183893839885068,0.09577666838889207,0.9210014615141454,10.000000000000005,0.700000085083864,1.0594925167325668,5.0,77.00000260488733,1903.6253672924888,580.2749125815493,930.5504547153796,497444.47403350635,233420.46019128995,117368.60673470654,92843.98601304792,53721.117101479074,8290.741233891773,17074.274402881394,39122.86891156885,3.4290262304841415,1.6090336158276426,0.8090551853262278,0.9810432224700987,0.3703149382245908,1467.005340052669,984.46032804635,4450.191631435343
204,scenario_204,0.7000000000000001,0.05,0.24999999999999994,10.207026204974785,1.02070262049748,0.8754250660554492,1.4503377008291307,64.65906785709979,52.4578169592026,2.6053588929548646,102.88937511688391,32.0095432972673,140599.6155259212,1203976.0553691508,-0.10531704454148602,0.6950418421157963,-0.12597300350433566,0.1838663809384087,1.5735528476616736,0.9910381556695752,0.6963409758989022,0.7546652137984011,0.5996105534687407,0.07091485496107061,0.917210061213248,9.999999999999984,0.7000001131836473,1.0594507879116377,4.999999999999997,76.99928576967508,1903.6738062220181,579.8552120456189,931.0185941763996,497444.54651180987,233055.6770088613,117297.2439723981,92776.83392729904,53677.75260316634,8290.742441863496,17047.59118861115,39099.0813241327,3.431508667530434,1.6076818637996555,0.8091485014584637,0.9811815423863495,0.3702838328471787,1546.8176674933593,984.3979921801347,4392.428039981576
205,scenario_205,0.7000000000000001,0.1,0.19999999999999993,10.30200163316615,1.0302001633166147,0.8795823724653331,1.4661669388610248,63.88070838664386,52.45781695920262,2.5084491502468182,102.7149793134525,31.107519235712033,134098.87323394386,1182358.4886127694,-0.08247592049289923,0.6982415473263366,-0.12398311789548683,0.20807446132521384,1.5702874160390745,0.9968401319631214,0.7208650279025146,0.7285617267740776,0.5724828386443102,0.0485158313345426,0.9155869405192519,10.000000000000002,0.7000000547974092,1.0340970999817325,4.999999999999996,76.52638761707638,1892.8571304262982,572.6832083175542,927.3739221087443,487885.9818985061,230799.92193269977,115275.18146117384,91629.31333080868,53204.25284375073,8131.433031641768,16882.58688211415,38425.06048705795,3.407719834020152,1.6120599911476408,0.8051584526100053,0.9751070850178631,0.3716138491299981,1628.5409968369902,960.5164303106693,4310.818622913387
206,scenario_206,0.7000000000000001,0.15000000000000002,0.1499999999999999,10.394926038996342,1.039492603899634,0.8837023288682582,1.481654339832724,63.146274561368294,52.45781695920262,2.415969738129431,102.64048594906617,30.28352812639931,128144.066703846,1160912.248074448,-0.06078228879869633,0.7011323636307101,-0.1231331360104272,0.23018833152271437,1.5671324495063832,0.9993184526892618,0.7432675354148502,0.7026651183388412,0.5455701197460103,0.030170572483009604,0.9164128149455371,10.000000000000002,0.700000506861408,1.0104564975601942,4.999999999999996,76.07583603682043,1883.1014360930574,566.120068501726,924.1813675913312,479058.64695030154,228794.7559651691,113408.24334881404,90579.21096027616,52776.46317733816,7984.310782505026,16735.91270485959,37802.74778293801,3.38485542982542,1.6165811367238012,0.8013017001778892,0.9692914757074393,0.372899433274037,1713.4951754824222,938.1143674341025,4231.477460915061
207,scenario_207,0.7000000000000001,0.2,0.09999999999999992,10.4851122783353,1.048511227833529,0.8883995751301623,1.4966853797225494,62.457816297245714,52.45781695920262,2.326231244817805,102.65714071165651,29.521845598141716,122623.5727454202,1139492.4637322235,-0.04022246651722402,0.7037587725338632,-0.12332316966803358,0.25062999451060947,1.564107607949042,0.9987643651721171,0.7639760095336282,0.6768004560971478,0.5186906005205111,0.015668840186549446,0.9196103031369225,10.00000000000001,0.7000002958834343,0.9885431129901439,4.999999999999996,75.6495811837818,1874.3689099795356,560.1044313347146,921.464478644821,470952.4937257944,226987.01175624586,111686.72365606629,89616.70901355435,52387.80112819892,7849.20822876324,16603.679563651316,37228.90788535543,3.363319176772278,1.6210335005944625,0.7976135692404335,0.9637797754899391,0.3741288102531887,1803.0111142373494,917.2320644428605,4153.655378278208
208,scenario_208,0.7000000000000001,0.25,0.04999999999999993,10.572625234091735,1.0572625234091735,0.8925955121960649,1.5112708723486221,61.8109248210026,52.45781695920256,2.238528907089835,102.75861500002938,28.816068077079827,117475.84729856405,1117980.398097726,-0.020783030898145552,0.7061081414857718,-0.12448100845846541,0.2695713062707501,1.5612039935979274,0.9953884157286121,0.7831645493600039,0.6508243630204034,0.49169527822574777,0.004840884558049093,0.9251042465010497,10.0,0.7000000426878416,0.9681716220030915,5.000000000000003,75.24556437073184,1866.5142571974868,554.6348579617286,919.0793992357582,463478.57656328625,225407.65413462685,110104.32355093543,88741.57727387658,52040.13609023145,7724.642942721437,16488.152478366224,36701.44118364514,3.3425852696425187,1.6256291929648647,0.7940671017726255,0.9585234309097427,0.3753109660757915,1898.089877692319,897.7259033738667,4076.7479790903126
209,scenario_209,0.7000000000000001,0.30000000000000004,-1.1102230246251565e-16,10.65819108261893,1.0658191082618929,0.897104445523867,1.5255318471031543,61.19771356231949,52.457816959202546,2.153852328091311,102.94075718231197,28.161128169205085,112673.87729984241,1096490.734376041,-0.002447018178795529,0.7082614493949414,-0.1265592815599796,0.28714826304396723,1.558394880498472,0.9893287250544958,0.8009709262012907,0.6248753205385297,0.46472806791551735,-0.002447018178795581,0.9328213853985343,10.000000000000002,0.7000000197239017,0.9490568859988656,5.0000000000000036,74.8594277983023,1859.3987525099308,549.5669915548182,917.0317609551126,456522.86441283947,223977.37269064997,108627.70209315122,87930.71864877093,51721.48461772052,7608.714406880657,16383.530039408653,36209.23403105041,3.3227822735223507,1.6302097915814044,0.7906421147007029,0.9534871836783894,0.37645262843309896,1998.1034259220808,879.3392034126875,4001.0427360312283
210,scenario_210,0.75,0.0,0.25,10.206572818953713,1.0206572818953714,0.8650050842553569,1.450262136492285,64.66039912807491,52.45781695920258,2.640316718174101,102.94000644434857,32.23981253550042,142170.90340438415,1208512.5948135315,-0.1265507155128616,0.6945121373556064,-0.1265507155128616,0.17768652779774577,1.5735583653629712,0.9893537013657407,0.6900804613362147,0.7601431429222589,0.6053034212056062,0.05641281866675535,0.9320510617548703,10.0,0.7000001623388674,1.0594944890026732,4.999999999999999,77.00000475547004,1903.5832086737075,580.6110665811565,930.1721420963873,497434.9531431141,233715.84952521906,117424.89335181307,92897.77065298508,53756.13953571406,8290.582552385235,17095.881585641022,39141.63111727102,3.426975349072742,1.6101370640516424,0.8089745449962046,0.9809231565637911,0.37034181833459856,1522.6602508639303,984.477149920994,4409.793116750746
211,scenario_211,0.75,0.05,0.2,10.263401196762452,1.0263401196762447,0.8697329376017633,1.459733532793742,64.1913633192343,52.4578169592026,2.5389848840431437,102.76169722387016,31.451557814955294,136475.10977548364,1189944.5774778274,-0.10430633343911061,0.6965787806779787,-0.12451617715371689,0.19884132227998363,1.5716001945948528,0.9952858731828415,0.7115113749699495,0.7377220256405517,0.582002562010185,0.03295544565074851,0.9295843787637388,10.000000000000004,0.7000000573221495,1.0441792864177297,4.999999999999997,76.71561250223365,1897.015903817419,576.0895721136336,928.1263317037851,491652.0815304954,232186.85975401502,116172.05594841442,92174.33153818142,53450.31288870994,8194.201358841588,16984.038815339987,38724.01864947148,3.4137197083894923,1.6121580462019964,0.806624952589834,0.9773355825595422,0.37112501580338864,1601.5312881458447,970.0654600205032,4339.216218746067
212,scenario_212,0.75,0.1,0.15,10.351714072781931,1.0351714072781943,0.873860215007024,1.4744523454636558,63.4821958312688,52.45781695920256,2.4491826961631524,102.65452836714135,30.63899794921297,130611.76508929783,1169480.198389558,-0.08282962487753494,0.6994435059592556,-0.12329336237534796,0.2206484063560627,1.568584552338604,0.9988512752963821,0.7336030920901719,0.7130110274041849,0.5563219733379313,0.013043114854784973,0.9294504197919313,9.999999999999988,0.7000000410253492,1.0212351293407684,5.000000000000003,76.28234339621885,1887.39833472687,569.6392223648434,924.9591123620268,483047.25639219664,230171.80700970956,114347.67403884763,91142.27557837495,53026.3842320924,8050.787606536611,16836.6414386732,38115.891346282544,3.3919522211749227,1.616263754129548,0.8029480383330068,0.9717655264713092,0.37235065388899763,1681.5079719881278,948.3813989536762,4262.925481629626
213,scenario_213,0.75,0.15000000000000002,0.09999999999999998,10.438337402155968,1.043833740215596,0.8780731907515006,1.4888895670259945,62.80940993814428,52.45781695920253,2.361726471839373,102.63280028579615,29.88347144978134,125142.02294488133,1148924.92739579,-0.06238372493491086,0.7020592037670378,-0.12304544129281031,0.2409248568545863,1.565660670849053,0.9995741471223586,0.754144197313265,0.6881902760349826,0.5305273251269702,-0.00309261992872277,0.9316212675422569,10.000000000000009,0.7000001057442007,0.9997037742999197,5.000000000000004,75.8676306486936,1878.6560670853917,563.6823646713718,922.1737024140198,475043.5671810935,228356.9284460372,112649.61333558202,90189.17834741951,52639.30723555884,7917.392786351558,16703.886432626794,37549.87111186067,3.3710018049476846,1.6204653028602005,0.7993836273466315,0.9664130365006158,0.37353879088445613,1765.8902761104086,927.9218283135903,4187.6668564152715
214,scenario_214,0.75,0.2,0.04999999999999999,10.523766458942603,1.05237664589426,0.8824640090875222,1.5031277431571,62.166772046855066,52.457816959202574,2.2768696641208654,102.6920041940501,29.179319114839213,120024.66129416406,1128291.032427032,-0.042974963568840625,0.7044686320185275,-0.12372096789783243,0.25982255266487864,1.5628087147175789,0.9976044915147351,0.7732885519004489,0.66327458521519,0.5046340123069935,-0.015594514775048928,0.9360248082769006,10.000000000000002,0.7000001641318436,0.9793514626871295,5.0,75.46811407417664,1870.6574428455772,558.1338663290969,919.7235765164805,467541.8789189501,226706.9094012999,111055.99238635504,89301.41861265551,52282.75448387051,7792.364648649168,16583.190595095082,37018.664128785014,3.350750829681921,1.6247493519242915,0.7959093621519979,0.9612391360097221,0.37469687928266726,1854.7362206076916,908.485660386976,4113.346881803189
215,scenario_215,0.75,0.25,0.0,10.60601606768525,1.060601606768525,0.8867916078495848,1.5168360112808743,61.56653333100263,52.45781695920254,2.194408393371681,102.8268297425443,28.52761137920094,115261.35890510216,1107721.5567848983,-0.02461632115936223,0.7066350163024794,-0.12525935020620818,0.27731276598117566,1.560091146031177,0.9931189785566471,0.79100705308144,0.6384366815522777,0.4788215387943048,-0.02461632115936223,0.9425909971878453,9.999999999999998,0.7000000800279603,0.9605307864785457,5.0000000000000036,75.09192053591653,1863.4988843786466,553.0831169315329,917.6157674471141,460659.55530508264,225246.29484191825,109593.3923093874,88493.29870904528,51962.16793924947,7677.659255084711,16476.349344918093,36531.130769795804,3.3315756073755427,1.6290231102447612,0.7925998024846896,0.9563487912680675,0.3758000658384366,1948.2409507797856,890.4305091974543,4040.3438399731394
216,scenario_216,0.8,0.0,0.19999999999999996,10.227354895200827,1.022735489520084,0.8603121684012702,1.4537258158668043,64.48649443033533,52.45781695920253,2.568576050019013,102.8201251514584,31.788477873521817,138798.66680417696,1197122.1414120258,-0.12518284968811902,0.6949506287904981,-0.12518284968811902,0.1897992266094506,1.572835655956743,0.9933420336862601,0.7023512589713817,0.7463890254529746,0.5910096306472494,0.01805564637895464,0.943951432039603,9.999999999999988,0.7000006382326474,1.0538038302150365,5.000000000000004,76.89473289743555,1901.0770198547946,579.3994151435279,928.8776047112669,495270.05950266833,233557.5284738107,117037.96758441947,92703.9064229645,53691.25056149134,8254.500991711138,17084.300693917634,39012.655861473155,3.4191961300477365,1.6124112131936075,0.8079950688623112,0.9794283225104169,0.37066831037922954,1576.1555455664393,979.1462730637452,4366.320003003012
217,scenario_217,0.8,0.05,0.14999999999999997,10.312526679423236,1.0312526679423226,0.8644033324583036,1.4679211132372054,63.792220218259644,52.45781695920252,2.4804671223856047,102.68292447308946,30.978812139394023,132963.3231204926,1177354.5764134538,-0.10390289579659438,0.6978198335673089,-0.12361736674621976,0.21152863939741143,1.5699111393552931,0.9979065648715998,0.7243642910129625,0.7225194390995349,0.5662034685061584,-0.0033869411511814884,0.9429213823128582,10.000000000000009,0.7000004745267264,1.031234820163124,5.000000000000006,76.47218962702192,1891.4768288514033,572.9842816688233,925.6925471825801,486770.02884326957,231515.72011760247,115232.4781446664,91677.48506701176,53266.65901878962,8112.833814054493,16934.946193787586,38410.82604822214,3.3981387930960065,1.616209920756012,0.8044372722340685,0.9740150396478207,0.37185424258864375,1652.398373479087,957.8727172358197,4292.072998867848
218,scenario_218,0.8,0.1,0.09999999999999995,10.39622862508884,1.039622862508887,0.8686162097629663,1.481871437514807,63.13186304587583,52.457816959202546,2.395067815637207,102.627855874957,30.226507554605718,127527.10197002326,1157555.6362753245,-0.08357706401163284,0.7004522663708241,-0.122989024728997,0.23171862172728058,1.567069806461861,0.9997386427920353,0.7448177994571761,0.6986119668657113,0.5413579339487323,-0.021083564215596345,0.9441338908659169,9.999999999999972,0.7000002480759308,1.009994955311165,5.0000000000000036,76.06677648733083,1882.7130553537086,567.0372108137822,922.8758445399268,478840.2877144335,229664.97268205945,113546.54457368606,90725.95373020515,52877.105538976466,7980.6714619072245,16799.56744618768,37848.84819122868,3.377840315116018,1.6201051239826485,0.800981257725432,0.9688020521682575,0.373006247424856,1732.3014674798333,937.7427981438193,4219.048520231426
219,scenario_219,0.8,0.15000000000000002,0.04999999999999993,10.47797787129716,1.047797787129715,0.8728255992635772,1.49549631188286,62.50667215088353,52.45781695920262,2.3123276815715013,102.6495550297501,29.528317347451818,122462.76348824488,1137780.1707376265,-0.06423246976141128,0.7028535967890507,-0.12323661575468331,0.2504563088693728,1.5643244597210477,0.9990167333239038,0.7638000568917866,0.6747328405107124,0.5165418574831114,-0.03519375339918519,0.9475200372184267,10.000000000000009,0.70000014874201,0.9900900293030882,4.999999999999996,75.67975688125996,1874.748122022013,561.5506433444225,920.3974786775906,471469.9893116864,228000.00872237727,111979.05543530954,89848.1029351076,52521.75112333776,7857.833155194773,16677.77841580352,37326.35181176985,3.3583435075686605,1.6240744191083427,0.7976417212766195,0.96380586841678,0.37411942624112693,1815.9849144274558,918.7841527486702,4147.2990840371385
220,scenario_220,0.8,0.2,-5.551115123125783e-17,10.559555122005108,1.05595551220051,0.8772925636714133,1.509092520334183,61.90123667418621,52.457816959202596,2.2317379780863122,102.7447953929748,28.871027228807563,117676.9027068545,1117818.2666796872,-0.04583939163413095,0.7051031511602586,-0.12432332440496872,0.2680963394492201,1.5616130090637705,0.9958481804186975,0.7816703307992245,0.6506285872693808,0.49149182078198433,-0.04583939163413098,0.9530126104948029,10.000000000000007,0.7000003134453658,0.9710032527684961,4.999999999999997,75.3019693769678,1867.3478001506314,556.3579163569547,918.1898837936768,464458.55221668707,226458.38279278364,110485.22921939456,89017.26661711276,52188.85687731458,7740.975870278117,16565.01133391658,36828.40973979819,3.339278824379622,1.628148902962601,0.79434641601115,0.9589144337471598,0.37521786132961665,1904.2797309467062,900.5204898874548,4075.951360311706
221,scenario_221,0.8500000000000001,0.0,0.1499999999999999,10.277013635652546,1.0277013635652557,0.8556240087899442,1.4620022726087576,64.07799498875318,52.457816959202546,2.509637303747846,102.72253015939037,31.300340783326227,135184.13037658477,1184551.951875256,-0.12406927432454494,0.6962781398197904,-0.12406927432454494,0.20289961098152762,1.571122592986606,0.9965889227696331,0.7156226337551188,0.7312103615837167,0.5752353984736922,-0.019173573404809435,0.9567821385917457,9.99999999999999,0.7000002807123672,1.0404946264813573,5.0000000000000036,76.64652985779617,1895.3394125742152,576.1361780599034,926.4032345143116,490238.54180410557,232803.6066333445,116060.95821912393,92181.78848958456,53494.80241654325,8170.642363401759,17029.152707439087,38686.98607304131,3.403629631139972,1.6163095844270268,0.8057883718391076,0.9760655854874654,0.3714038760536309,1626.0717354402545,966.6296809623256,4318.934778134994
222,scenario_222,0.8500000000000001,0.05,0.09999999999999991,10.357602725269775,1.0357602725269772,0.8597448751327248,1.4754337875449626,63.4328312403949,52.45781695920259,2.4263157837474494,102.6383657860347,30.55416947716748,129799.8127352027,1165505.4270352996,-0.1038848370376815,0.6989067295712124,-0.12310894459170185,0.22292499138066438,1.5683721256649334,0.9993889884212293,0.7359093918314933,0.7082114403997916,0.5513340639674743,-0.03836294693716598,0.9570972537895986,10.000000000000002,0.7000001896660569,1.0196477116282914,4.999999999999998,76.25192877592765,1886.6091388204643,570.2379327633909,923.5712060570734,482423.2001866732,230935.30932800804,114396.75480509103,91238.06924214255,53105.81764044553,8040.386669777887,16892.49021936355,38132.25160169701,3.3840133913844364,1.619922464357208,0.8024492811323214,0.9710077911849648,0.3725169062892261,1701.8251329548539,946.9220782585662,4248.186579975591
223,scenario_223,0.8500000000000001,0.1,0.049999999999999906,10.43799951808441,1.0437999518084426,0.8638585204618419,1.488833253014068,62.808636585217656,52.457816959202546,2.347264164655518,102.62731863161609,29.86386564738781,124805.99091494565,1146614.9873079024,-0.08462142916769223,0.7013554319997742,-0.1229828946916253,0.2414510277857387,1.5656572738674337,0.9997565163478579,0.7546772359958944,0.68540099397606,0.527628599443737,-0.054008927737120835,0.9595308121940717,9.999999999999984,0.7000003594984574,0.9996795187516327,5.0000000000000036,75.86702573617413,1878.4888682430008,564.6804540396392,921.0084142033618,474998.1166343194,229219.69763576885,112816.25892276483,90348.8726463423,52743.453005420684,7916.635277238657,16766.996401134944,37605.41964092161,3.364721503896613,1.623712639571393,0.7991511525904197,0.9660526234109569,0.3736162824698601,1779.5981465530651,927.950729367218,4179.1639564874085
224,scenario_224,0.8500000000000001,0.15000000000000002,-1.1102230246251565e-16,10.513207811263104,1.0513207811263092,0.8680308325808441,1.5013679685438508,62.241431137646885,52.45781695920256,2.267795246546668,102.68435677705244,29.21713374754056,120102.0711183768,1127588.912702637,-0.06626749783177671,0.7035162214534838,-0.12363370957665125,0.2588077020558457,1.5631430670462363,0.99785891353209,0.7722604551363044,0.6624267667108316,0.5037529277764982,-0.06626749783177677,0.9640191447727221,10.00000000000001,0.7000004511229473,0.9817055789834979,5.000000000000003,75.51455642655456,1871.3931851568361,559.7336469849922,918.8595381718443,468366.07292697823,227719.4923265889,111401.06736273429,89557.38351759876,52423.69439668732,7806.101215449637,16657.25916092641,37133.68912091143,3.347063914773279,1.627341815545311,0.796100559348516,0.9615043355701405,0.37463314688382787,1863.154839020049,910.7956645256504,4110.67259903572
225,scenario_225,0.9,0.0,0.09999999999999998,10.321991900337634,1.032199190033765,0.8513768883030741,1.4694986500562721,63.714889292152776,52.457816959202596,2.4556080224181125,102.66140375918891,30.867503131836546,131967.96890438144,1172846.7780372035,-0.1233718117612932,0.6974162066997786,-0.1233718117612932,0.21451589607666335,1.5695814506234536,0.9986225377873142,0.7273905383229328,0.7170762151812842,0.5605466677100721,-0.054979963814156686,0.9704679055267112,9.999999999999984,0.7000001290934849,1.0287356376559478,4.999999999999997,76.4248224222594,1890.3581730149479,573.3015138608631,924.2566591540849,485816.17087603227,232171.6172802506,115205.5606915303,91728.24221773812,53326.38865389468,8096.936181267204,16982.92385661092,38401.85356384343,3.3896032655091632,1.619891883534061,0.8038043361559305,0.973053156830425,0.37206522128135644,1674.0893726399158,955.5345431102046,4275.304301120181
226,scenario_226,0.9,0.05,0.049999999999999975,10.398733008526179,1.0398733008526186,0.8554894144483656,1.4822888347543635,63.11035884402241,52.4578169592026,2.3776655995491973,102.62162277539235,30.180578457008536,127005.89473517556,1154605.280275761,-0.10418794883081792,0.6998473012254911,-0.12291790400889831,0.23295124437462877,1.5669762801915184,0.9999460118639847,0.7460665106900118,0.6950493744417046,0.5376555553652091,-0.0720957736210166,0.972007204934172,9.999999999999993,0.7000002072572943,1.009306957424482,4.999999999999997,76.05343451463168,1882.3371289247427,567.8277822567908,921.7093466679519,478562.08176176593,230446.0640512038,113657.44645238429,90852.44516108654,52966.629676958444,7976.034696029432,16856.702833375093,37885.8154841281,3.371177647277174,1.6233518066714694,0.8006473089475186,0.9682903893339918,0.37311756368416044,1748.4207989847318,937.121182330999,4208.199485509936
227,scenario_227,0.9,0.1,-2.7755575615628914e-17,10.472323285692836,1.0472323285692837,0.8595585368008895,1.4945538809488053,62.546866770559845,52.45781695920257,2.3008219897994344,102.64674010668222,29.538365148572986,122346.52943679766,1136325.2585766502,-0.08586538221586208,0.7020409998878154,-0.12320449700645338,0.25018665089945963,1.5645026137014932,0.999110383036722,0.7635268792597038,0.6729760155570267,0.5147160996333797,-0.0858653822158621,0.9755520326590201,9.999999999999998,0.7000001391096189,0.9913637704850411,5.0,75.70463415448226,1875.1344432728224,562.8403915744003,919.4940516984221,471913.11741076753,228906.7761312022,112237.38469289377,90054.46265190406,52642.00108760613,7865.218623512792,16744.10677256016,37412.461564297926,3.3537970939911586,1.6267970782331003,0.7976498230977255,0.963802253927591,0.3741167256340913,1826.8983980030316,920.0380254222108,4141.95331466096
228,scenario_228,0.9500000000000001,0.0,0.04999999999999993,10.36297191048407,1.0362971910484087,0.8474968953198938,1.4763286517473448,63.38958981446095,52.45781695920257,2.4068614481294786,102.62939150918375,30.48580488051756,129121.71572683289,1162054.6309493436,-0.12300654657521214,0.6984011431344926,-0.12300654657521214,0.22475972697348137,1.5681857764735965,0.9996875537566124,0.737768074980763,0.704044560201457,0.5470036870479978,-0.08950603489405168,0.9849054040788546,9.999999999999984,0.7000001903517173,1.0182580223984001,5.0,76.22532699134295,1885.9916636090034,570.8161546186027,922.3755089904006,481894.1052639358,231637.08373721025,114449.84775340832,91330.58473897644,53180.635487840336,8031.568421065597,16943.82371781445,38149.94925113611,3.3768778361636853,1.6231992165111806,0.8020084703445667,0.9703352023032896,0.37266384321847773,1719.4969501713979,945.6197027855455,4235.470122337173
229,scenario_229,0.9500000000000001,0.05,-6.938893903907228e-17,10.434515258968343,1.043451525896834,0.8514876214811754,1.4882525431613902,62.83395049429109,52.457816959202574,2.3320447823973973,102.62613501342813,29.847586593324287,124500.77245698865,1144439.6691790821,-0.10472652408389184,0.7006107310485757,-0.12296938940794143,0.24188791707305055,1.5657684227311708,0.9997958941570257,0.7551198277020792,0.6827742696462891,0.5248988098001532,-0.10472652408389188,0.9875620908342785,10.000000000000004,0.7000000686332094,1.0004850716766893,5.0,75.88263378252553,1878.7476755540176,565.8263955604151,920.1212799936027,475281.66430948104,230070.3375330641,113035.70315794,90532.22328966644,52853.65557035309,7921.361071824684,16829.219134363022,37678.56771931334,3.359911577392883,1.6264376447492803,0.7990839879145991,0.9659388149418262,0.37363867069513357,1793.7512826956527,928.7390070852141,4171.217397015091
230,scenario_230,1.0,0.0,0.0,10.399415994151404,1.039941599415139,0.8438336561612436,1.4824026656919012,63.10463551441383,52.457816959202624,2.361486938061729,102.61981193779118,30.144784942634224,126565.91287015668,1151979.2400032028,-0.12289724204564212,0.699224918081043,-0.12289724204564212,0.23391185319897165,1.5669513774942712,1.0000062566441155,0.7470396576883238,0.6918783973862117,0.5343601580416228,-0.12289724204564212,1.0000062566441155,10.000000000000012,0.7000000505328603,1.0091236764551392,4.999999999999996,76.0498834552093,1882.2425394913075,568.6983516831776,920.7441878081302,478489.2647177571,231207.77558894292,113799.01469601653,90991.73626930844,53058.73137063626,7974.821078629286,16912.420621783785,37933.00489867218,3.3655048466489936,1.626224341284878,0.8004174048277463,0.9679337066175269,0.37319419839075124,1763.4346228849251,936.9537259334302,4198.6006239889475
231,centroid,0.3333333333333333,0.3333333333333333,0.3333333333333333,10.383265714394565,1.0383265714395749,0.9819105955936238,1.4797109523990937,63.30918031020523,52.45781695920257,2.537349349747702,102.83983607532416,30.70298854293152,132155.78516982505,1180041.2988726213,0.046761651725468825,0.7041599401245364,-0.1254077546626989,0.21893105811363656,1.5678385744116938,0.9926862706991765,0.7318633284685785,0.7257636906677708,0.569575015429365,0.22103277296010085,0.8167710966118419,9.99999999999886,0.7000001510526499,1.0156762893550497,5.0,76.17892830236394,1888.5850025441703,562.4607281059245,933.3242744382458,481784.61304199474,224426.83858073183,112995.84322317214,89993.71649694795,52328.435422557246,8029.743550699912,16416.4076369239,37665.28107439071,3.4262631253520213,1.596035615403655,0.8035820997045138,0.9726968393200991,0.3721393000984955,1610.1560497672788,941.9486250148825,4304.329690415434
