w_cost,w_gwp,w_profit,run_success,run_error,elapsed_s,Utility,Utility_Norm,Cost_Utility,GWP_Utility,Profit_Utility_Value,Cost_Utility_Norm,GWP_Utility_Norm,Profit_Utility_Norm,Cost_Rating_Norm,GWP_Rating_Norm,Profit_Rating_Norm,Profit_Utility,cons_comp.c1,AR,vertiport_span,MTOM,CL_cruise,CL_climb,gamma_comp.gamma_deg,SPL_hover,b,c,r_cruise,r_hover,V_cruise,V_climb,rho_bat,c_charge,gamma_climb_deg,ROC_target_mps,D_climb_N,D_cruise_N,T_req_total_climb_N,T_req_total_cruise_N,T_req_total_hover_N,T_req_prop_climb_N,T_req_prop_cruise_N,T_req_prop_hover_N,Lift_to_Drag_Cruise,Lift_to_Drag_Climb,Wing_Loading_kg_m2,Wing_Loading_N_m2,Disk_Loading_Hover_kg_m2,Disk_Loading_Hover_N_m2,Disk_Loading_Cruise_kg_m2,Disk_Loading_Cruise_N_m2,Power_to_Weight_Hover_W_kg,Power_to_Weight_Hover_hp_lb,Power_to_Weight_Climb_W_kg,Power_to_Weight_Climb_hp_lb,Power_to_Weight_Cruise_W_kg,Power_to_Weight_Cruise_hp_lb,Empty_Mass_Fraction,Battery_Mass_Fraction,P_req_total_hover,P_req_total_climb,P_req_total_cruise,E_total_req,E_trip,E_hover,E_climb,E_reserve,t_cruise,t_trip,C_rate_hover,C_rate_climb,C_rate_cruise,C_rate_avg,DOD,n_battery_lifecycle,MTOM_est,m_battery,m_empty,RPM_hover,FC_a,FoM,FoM_time_rating,FoM_co2_rating,FoM_energy_rating,FoM_cost_rating,TOC_flight,GWP_flight,GWP_annual_ops,Annual_Profit
0.0,0.0,1.0,True,,4.9312989711761475,0.8545715419464461,0.9999999534736658,-0.0,-0.0,0.8545715419464461,0.0,-0.0,0.9999999534736658,0.26098985041567496,-0.00013061228950100954,0.9999999534736658,0.8545715419464461,-3.552713678800501e-15,9.999999999999991,14.828053652066524,2368.6128702664514,0.47330094028176306,1.0389384242357933,5.000000000000003,77.00000232707029,11.49729023904989,1.14972902390499,1.114471261320292,1.6653817065083154,77.86895043312471,52.45781695920256,250.00000000000009,3.999999999999999,5.000000000000003,4.572,1625.2831119405228,1910.3940254711376,3650.441991179825,1910.3940254711376,29045.115321642363,3650.441991179825,1910.3940254711376,3630.6394152052953,12.162984152750084,14.242239854119546,179.18559576510336,1757.8106944556641,33.98025592369318,333.3463106114301,607.0248416014634,5954.913696110356,253.83894943130005,0.34040310796636203,118.73433391741855,0.15922511646993665,84.71976366923957,0.11361089747572366,0.47071446565193353,0.36345007641786775,601246.2025978923,281235.671459312,200668.32259289298,137739.60459242994,70850.16372813228,10020.770043298206,20571.868560449675,66889.44086429766,722.2220656212166,1045.55539895455,2.7936596072078403,1.3067471063718434,0.9323950568862733,1.060687633370075,0.32920164770457555,870.6001453628795,2368.6128702664523,860.8725287026869,1114.9403415637653,832.7836453044105,5580.4100342363945,-0.43999357099117575,1.6190165437394948,-0.50363176135502,0.578998164666186,-0.37635538062733154,124.83316707620564,57.626604076742595,321580.0796288223,1407149.6814692805
0.0,0.1,0.9,True,,3.3289661407470703,0.7279810643326207,0.9097771309174923,-0.0,-0.0324750507582404,0.7604561150908611,0.0,0.01810854568863962,0.8916685852288527,0.4848492812271181,0.1810854568863962,0.9907428724765031,0.8449512389898456,1.7763568394002505e-15,10.000000000000009,14.238389798841114,2205.0922854136197,0.5220569199608015,1.0461468753932803,4.999999999999997,77.0000140223756,11.055042349130836,1.1055042349130826,1.1074034448999186,1.5916737248551391,74.40043985752726,52.4578169592026,250.00000000000006,4.0,4.999999999999998,4.572,1514.9724616570625,1692.4189230474067,3400.321594647765,1692.4189230474067,27039.94414988451,3400.321594647765,1692.4189230474067,3379.993018735564,12.781678947997484,14.224442849263877,180.42883654344718,1770.0068864912168,34.63209914096372,339.7408925728541,572.3545726270239,5614.798357471105,256.26208006853483,0.34365257461350657,118.13122315469772,0.15841633287491275,76.98824802062693,0.10324278036062112,0.479741365611877,0.34212550018856536,565081.5358031734,260490.2488448987,169766.19177779483,120706.92817745302,64118.197584854744,9418.025596719557,19054.379313654626,56588.73059259828,755.8916901198623,1079.2250234531957,2.9961178564859243,1.3811449083986862,0.9001170386679064,1.043388106232838,0.3399609871106978,880.6677965590644,2205.092285413626,754.4183011090813,1057.8739843045448,879.6664240345611,5405.756955004155,-0.324750507582404,1.6086421496362704,-0.324750507582404,0.6244898607388739,-0.29957901387927593,118.10440030487528,50.961259593170084,275484.1834815514,1399483.442616252
0.0,0.2,0.8,True,,3.2846720218658447,0.6183651159253017,0.8373016837520926,-0.0,-0.037125151126546824,0.6554902670518485,0.0,0.0644052219294483,0.7728964618226443,0.6475366102070037,0.32202610964724143,0.9661205772783052,0.8193628338148106,1.7763568394002505e-15,10.000000000000005,13.766449900605439,2077.336888343353,0.578045159653568,1.0518112761014782,5.0000000000000036,77.00001504158439,10.70108742545408,1.0701087425454074,1.106019671478846,1.5326812375756798,70.89671737209983,52.457816959202546,250.00000000000003,4.0,5.000000000000003,4.572,1428.6404703547585,1526.3371808124841,3204.7590152677712,1526.3371808124841,25473.343593310372,3204.7590152677712,1526.3371808124841,3184.1679491637965,13.351358488037702,14.210102741397874,181.40577511061673,1779.5906538351503,35.18547282662984,345.16948842923875,540.544381794587,5302.740385404899,258.30132543586046,0.34638724343599764,117.56259329592838,0.1576537888617059,70.22346965676708,0.09417107727911779,0.48725026489284406,0.3236614836039302,536578.8716358942,244217.111742939,145877.8039454624,107576.63027622107,58950.6956277336,8942.98119393157,17864.029470085352,48625.93464848747,793.2479290176447,1116.581262350978,3.192240516971095,1.4529080443787572,0.8678631621512389,1.0242022841738427,0.3507122792829203,892.8922166496236,2077.336888343357,672.3539392263816,1012.1829491169752,920.794061037252,5228.238610964107,-0.18562575563273412,1.597131823925469,-0.18562575563273412,0.659409589015155,-0.24378265100215368,113.21434457039788,45.777293255842885,239334.61210562458,1379092.5228266318
0.0,0.30000000000000004,0.7,True,,3.315518379211426,0.5253201234530417,0.7822980307154014,-0.0,-0.011731072128203249,0.5370511955812449,0.0,0.1411382237863589,0.6411598069290425,0.8004363218940728,0.47046074595452964,0.9159425813272036,0.7672159936874928,0.0,10.000000000000007,13.456025388801047,1994.8397708073678,0.6298389739167004,1.055467779693507,5.000000000000004,77.00001449921687,10.468269041600786,1.046826904160078,1.1151002192598756,1.4938781736001308,68.03710484622253,52.45781695920253,250.00000000000006,3.6691546846833445,5.000000000000004,4.572,1372.814943926933,1422.5317283494237,3078.398631841194,1422.5317283494237,24461.722689525348,3078.398631841194,1422.5317283494237,3057.7153361906685,13.756725253732515,14.20068367250682,182.0364118829902,1785.777200572134,35.56622686348894,348.90468553082655,510.65823869232173,5009.557321571677,259.6951483216795,0.34825638780233864,117.00573474104615,0.15690703040243772,65.396677402553,0.08769825233037162,0.49245764955340937,0.31063430512472473,518050.21015780454,233407.69307397617,130455.89296127218,99146.50656638591,55661.208912628514,8634.170169296744,17073.3405118927,43485.29765375739,826.5882911490446,1149.9216244823779,3.3440627005752974,1.5066685528382504,0.8421050260536441,1.0073260881098496,0.3592983246487853,1003.2654669891688,1994.83977080737,619.6656660399118,982.3741047674582,949.809195599675,4983.8661795941825,-0.03910357376067749,1.5868588832127128,-0.03910357376067749,0.6816385079808478,-0.1913431165246171,108.61848503650796,40.31768921089726,200937.9676975801,1337537.6847253614
0.0,0.4,0.6,True,,3.469733953475952,0.4525205263834257,0.7479389325985898,-0.0,0.03656369062147998,0.41595683576194575,0.0,0.2410708164518922,0.5068681161466976,0.91366232973035,0.6026770411297305,0.8447801935778293,0.6932613929365763,0.0,10.0,13.220020084310203,1932.9495273056461,0.6833128428370925,1.0582047323186472,5.0,77.00006135083063,10.291265063232652,1.0291265063232653,1.1292792342034783,1.4643775105387753,65.40533258748971,52.457816959202574,250.00000000000009,3.234674464920538,5.000000000000001,4.572,1330.8915565394514,1348.0614882090008,2983.559220168284,1348.0614882090008,23702.793578585486,2983.559220168284,1348.0614882090008,2962.8491973231858,14.066298183520635,14.193551489256889,182.50845380123727,1790.4079317901376,35.865307052892646,351.8386621888769,482.46738140939203,4733.005011626136,260.78476452204205,0.34971758491934885,116.46785919541855,0.1561857285382402,61.483198105504115,0.08245019832344314,0.4965042128486713,0.3002830314889911,504083.7873113954,225126.49337808485,118843.91871527358,92869.11100392832,53254.47143217045,8401.396455189923,16467.586089693243,39614.63957175786,859.8484558478403,1183.1817891811736,3.473852827832568,1.5514411003232254,0.8190032956658516,0.9907750741599213,0.36699890144471614,1182.8447943347478,1932.949527305653,580.4319437745518,959.7175835311011,973.0090527241011,4704.611866739164,0.09140922655369996,1.5766106531934763,0.09140922655369996,0.6979021919711598,-0.1525103478020948,105.21513769296514,35.454615214799155,166800.203470215,1278604.6515148121
0.0,0.5,0.5,True,,3.3313539028167725,0.3988914638758008,0.7324323907712931,-0.0,0.0928457647514933,0.3060456991243075,0.0,0.34909497344348533,0.38333741732780774,0.9668084840411949,0.6981899468869707,0.7666748346556155,0.612091398248615,1.7763568394002505e-15,10.000000000000004,13.26210313570896,1910.4282321594628,0.7000001921446943,1.039489515478195,4.999999999999998,76.64027372956939,10.322827351781722,1.0322827351781718,1.1530145538957084,1.46963789196362,64.0470421006709,52.45781695920259,250.0000000000001,2.748489985325681,4.999999999999999,4.572,1311.0118039248068,1325.1834055600216,2944.4238089317505,1325.1834055600216,23426.626196855414,2944.4238089317505,1325.1834055600216,2928.3282746069267,14.142420497307896,14.240897445236474,179.28064241107128,1758.7431020526094,35.19412610996788,345.25437713878495,457.4159205923091,4487.250181010552,258.33308594620945,0.3464298349155858,115.77452410890295,0.15525595232052106,59.85313610107092,0.08026425257425814,0.49861541060394315,0.29577623762039434,493526.82069251547,221178.91942247457,114345.12099076864,90409.4839603052,52294.44363004897,8225.447011541924,16178.828365162492,38115.04033025622,878.083864375344,1201.4171977086773,3.493628670437814,1.5657041963930913,0.8094380614562784,0.9812579796568799,0.3701873128479071,1450.6286071141387,1910.428232159463,565.0592747519072,952.5689574075558,960.4116217943335,4440.511327138794,0.1856915295029866,1.5709918998656738,0.1856915295029866,0.704389641858152,-0.13428297797529015,103.61767058668977,31.941535925560956,141836.75208366415,1213921.8063087761
0.0,0.6000000000000001,0.3999999999999999,True,,3.784010887145996,0.3655677705664099,0.7378816100834565,-0.0,0.1770178220294872,0.18854994853692264,0.0,0.485373142573676,0.25250846750978057,0.9624723702929614,0.8089552376227932,0.6312711687744516,0.4713748713423067,0.0,10.0,14.08832171743439,1859.3853795230004,0.7000006711114635,0.9003755773829641,5.0,73.85925063531388,10.942491288075793,1.0942491288075793,1.1870648750110178,1.5729152146792986,59.607475003886236,52.45781695920257,250.00000000000006,2.309424494760831,5.000000000000002,4.572,1256.4309326791538,1289.776946461431,2846.20140912056,1289.776946461431,22800.713216400793,2846.20140912056,1289.776946461431,2850.089152050099,14.142422550786454,14.462521753077006,155.2876768075906,1523.3721094824639,29.90328674675239,293.35124298564097,420.02063778942085,4120.402456714219,238.12467573884953,0.319329952659312,114.16804025503033,0.15310162534280078,55.80077803651919,0.07482995936253296,0.5040949968609354,0.2846524008943556,442765.54057247215,212282.38485899678,103755.15084711195,84684.56199505356,50099.511712682914,7379.425676207869,15528.063336908097,34585.05028237065,943.483585337256,1266.8169186705893,3.3461818694053567,1.604315156258275,0.7841251696623319,0.9443178527481404,0.3786249434458893,1854.792536818872,1859.385379523001,529.2785124690847,937.3068670539161,827.154818601417,4032.247622705149,0.29502970338247864,1.5508407253395944,0.29502970338247864,0.7192220360740333,-0.1357701213053208,103.74800549373417,27.867455613948522,112368.48165018517,1101787.447266349
0.0,0.7000000000000001,0.29999999999999993,True,,3.335055112838745,0.3577953592961794,0.7682469764203369,-0.0,0.26767651045608376,0.09011884884009565,0.0,0.628222608439286,0.1400243679810509,0.864603167369328,0.8974608691989799,0.46674789327016974,0.3003961628003189,0.0,9.999999999999998,14.999999999999998,1825.4301569528247,0.7000000007363838,0.7830195759451491,5.0,71.19242880735845,11.626249999999999,1.162625,1.2,1.6868749999999997,55.58727570160089,52.45781695920257,250.00000000000006,1.832008054324822,5.000000000000002,4.572,1239.272634120711,1266.2239029178666,2800.011468731681,1266.2239029178666,22384.337299634015,2800.011468731681,1266.2239029178666,2798.042162454252,14.142419676679234,14.394997532735424,135.04730014646844,1324.8140144368556,25.524636003915134,250.3966791984075,403.5086565945228,3958.419921192269,220.00103182219144,0.2950257836941952,114.08510845774757,0.15299041214400866,52.20264650310717,0.07000479301359677,0.5092969534984225,0.2755208887488549,401596.5180489663,208254.39743800618,95292.28519951974,80471.06227081665,48706.967204310065,6693.275300816105,15233.423516298599,31764.095066506583,1011.7184826877171,1335.0518160210504,3.1939651882108806,1.6562825269010997,0.7578756985019941,0.9077348850036548,0.3873747671660019,2543.683965830263,1825.430156952825,502.944139192604,929.6860177602209,712.573277387605,3572.0670185284584,0.38239501493726247,1.5298159670523375,0.38239501493726247,0.7286322455424585,-0.1693360148205858,106.68975799521274,24.612112277818483,87916.11452391473,965537.7236995983
0.0,0.8,0.19999999999999996,True,,3.3895039558410645,0.37493138605227716,0.8222355703421771,-0.0,0.3515494067436893,0.023381979308587878,0.0,0.7641977118340484,0.058037858508128724,0.6761151440205978,0.9552471397925604,0.2901892925406437,0.11690989654293941,1.7763568394002505e-15,10.000000000000002,14.999999999999998,1825.4301537572242,0.7000000044100373,0.7830195745743939,5.0,71.19242877116767,11.62625,1.1626249999999998,1.2,1.6868749999999997,55.587275507082175,52.457816959202574,250.00000000000003,1.2870358433683067,5.000000000000001,4.572,1239.272632174775,1266.223899291044,2800.011464053513,1266.223899291044,22384.337260447963,2800.011464053513,1266.223899291044,2798.0421575559953,14.142419692429375,14.394997530138896,135.04729991005445,1324.8140121176343,25.52463595923167,250.39667876006274,403.50865588813997,3958.4199142626535,220.00103162962438,0.2950257834359589,114.08510845305788,0.1529904121377197,52.20264626948654,0.07000479270030685,0.5092969537201212,0.275520888150458,401596.51699441316,208254.39706487505,95292.2846062428,80471.06195517082,48706.96708642322,6693.275283240219,15233.423489004748,31764.0948687476,1011.7184862280629,1335.0518195613963,3.1939651923520938,1.6562825304302535,0.7578756967563115,0.907734883362201,0.3873747677478962,3885.6818356866515,1825.4301537572242,502.94413721981755,929.6860165374067,712.573276763889,3096.0220488548234,0.4394367584296116,1.5298159659614745,0.4394367584296116,0.7286322463390866,-0.2339811609097289,112.35533100102887,22.48666390186188,69619.20724535223,819320.9621563103
0.0,0.9,0.09999999999999998,True,,3.3749709129333496,0.4211308391228594,0.9039687642718608,-0.0,0.43106248122190777,-0.009931642099048356,0.0,0.8957560876291217,0.00821267664273904,0.26731359501815155,0.9952845418101353,0.08212676642739042,-0.09931642099048357,1.190599384448003,10.0,14.999999999999998,1798.3488713093254,0.7000008686561258,0.7442439287253433,5.41712146900428,70.88344378927057,12.816849384448002,1.2816849384448001,1.2,1.6868749999999997,50.048130590302755,48.42922328998306,250.00000000000006,1.0,5.417121469004281,4.572,1228.0388900964922,1247.438429144294,2893.5275190544644,1247.438429144294,22052.253034430603,2893.5275190544644,1247.438429144294,2756.5316293038254,14.142423397719307,14.301672950584132,109.47410040503175,1073.9409249733615,25.145963636782636,246.6819032768377,397.5223781564026,3899.69452971431,218.3630142153171,0.29282916932302455,112.1560800814932,0.15040354651088403,47.33562228095946,0.06347801619121227,0.5148462868819034,0.2667311333185247,392692.8801498177,201695.7600250316,85125.962901688,76748.10120742819,48372.78024019885,6544.881335830294,14753.671335164348,28375.320967229334,1144.9764082163754,1468.3097415497086,3.2746535659120455,1.6819345936277896,0.7098627249400578,0.854390651558325,0.40337909168664726,5565.270758510194,1798.348871458294,479.67563254642613,925.873238911868,707.2678132955436,2563.966941857742,0.4789583124687864,1.4887561020435074,0.4789583124687864,0.7308905355396511,-0.3741865457783331,124.6430879609444,21.014040210773057,53879.304415291415,647014.2682819057
0.0,1.0,0.0,True,,2.9927520751953125,0.4836166256495204,1.0000036567861288,-0.0,0.4836166256495204,-0.0,0.0,1.0000036567861288,0.0,1.7931022837834446e-05,1.0000036567861288,1.7896300013551786e-06,-0.1846637521132028,2.7671817675850097,9.999999999999998,14.999999999999998,1785.4043944313723,0.7000000381119721,0.7243147237798948,6.02855133584815,70.73411577856463,14.393431767585009,1.439343176758501,1.1999999999999997,1.6868749999999997,44.40545983207989,43.5328921468005,250.00000000000009,1.0,6.02855133584815,4.572,1223.402760620244,1238.459705717921,3062.8795303696925,1238.459705717921,21893.521386714703,3062.8795303696925,1238.459705717921,2736.690173339338,14.14241983692043,14.237302050808207,86.1802783891579,845.4285309976391,24.96496352603483,244.9062921904017,394.6610205440904,3871.624611537527,217.57570874162835,0.29177337693669847,110.22954126236554,0.14782001942365744,42.42953036000172,0.05689884880336951,0.5213318601199088,0.2586619602016201,388460.6265088236,196804.30736598172,75753.8699584064,73890.59206659287,48639.302080457404,6474.34377514706,14395.870631400514,25251.289986135467,1319.6515990663506,1642.9849323996839,3.36463403543426,1.7046115505572526,0.6561386966514754,0.7933390367861085,0.42128710111617484,5968.994736701072,1785.404394431372,461.8162004162053,930.7881940151668,704.7177668841932,2369.9063695472128,0.4836166256495204,1.434934614666764,0.4836166256495204,0.7290894969878035,-0.46586010116387766,132.67746102931554,20.84046549901804,49389.95193045179,579002.5820796159
0.1,0.0,0.9,True,,3.1502928733825684,0.7286502834925083,0.9408357063298318,-0.028698435522869537,-0.0,0.7573487190153778,0.0521571950405192,0.0,0.8886785112893126,0.521571950405192,0.20526830769781113,0.9874205680992363,0.8414985766837532,0.0,9.99999999999999,14.129082975681866,2175.2584610460535,0.5318386655517802,1.0474707290591794,5.000000000000004,77.00005772904389,10.9730622317614,1.0973062231761412,1.0364979436630912,1.5780103719602332,73.75969194007166,52.45781695920253,250.00000000000009,3.9999999999999987,5.000000000000004,4.572,1494.8249192139847,1655.2728395404458,3354.6661969202396,1655.2728395404458,26674.106878577233,3354.6661969202396,1655.2728395404458,3334.263359822154,12.891702801567275,14.22111901251618,180.65716143960637,1772.2467537225386,34.757721580773875,340.97324870739175,644.5017549519667,6322.562216078794,256.7264343564502,0.3442752830006869,119.54357253035785,0.1603103216346605,75.97658204725015,0.1018861160570034,0.47917331972521215,0.3402504374815078,558446.3485080526,260038.1676103335,165268.70293964059,118421.22288100343,63331.65523445656,9307.439141800878,19021.310408533653,55089.567646546864,762.4580953410206,1085.791428674354,3.01808792672489,1.405359809853057,0.8931842393458126,1.038907212740764,0.34227192021806246,883.5901799046575,2175.258461046065,740.1326430062711,1042.3258180397936,888.890882028696,5372.223961252214,-0.28698435522869536,1.6066188875233083,-0.3008792322997294,0.6298049714793434,-0.28698435522869536,117.00059031472074,50.07178532090527,268996.8448836442,1396732.0808309985
0.1,0.1,0.8,True,,3.1422650814056396,0.6118536367539837,0.8703128757628187,-0.02382000926044197,-0.01779272426321417,0.6534663702776399,0.06638138631993129,0.03298251061046359,0.7709489788324239,0.6638138631993129,0.3298251061046359,0.9636862235405298,0.8168329628470498,-1.7763568394002505e-15,9.999999999999996,13.711276642912628,2062.5880806888604,0.5836670946930893,1.0524673767412065,4.999999999999997,77.00004903284953,10.65970748218447,1.0659707482184473,1.036199739260937,1.5257845803640784,70.57645120044218,52.457816959202596,250.00000000000009,4.0,4.999999999999998,4.572,1418.6651226964802,1509.9116299964937,3182.173468976091,1509.9116299964937,25292.48633944715,3182.173468976091,1509.9116299964937,3161.560792430894,13.400777018721756,14.20842192554885,181.51893271579283,1780.7007299419276,35.25219800904471,345.8240624687286,611.4707309912413,5998.527871024078,258.546128734918,0.34671552955609974,118.95887053105596,0.15952622455955667,69.9287992051268,0.09377591831005913,0.48581701440721653,0.32374263364970046,533274.1634368895,245363.14844956534,144234.3077373792,106839.63158027083,58761.52900114444,8887.902723948158,17947.859932884872,48078.1025791264,796.8475783777451,1120.1809117110784,3.194465008456969,1.469795549507676,0.8640048228036831,1.0212785746589337,0.35199839239877234,894.9916855467429,2062.588080688866,667.7476973766925,1002.0403833121732,925.832737903465,5210.930415541851,-0.20806366761828068,1.5960226882682953,-0.17792724263214169,0.6606878947137781,-0.23820009260441968,112.72508289995505,45.49043680734417,237047.50077567427,1377076.5161381012
0.1,0.2,0.7,True,,3.4861197471618652,0.5103315696544753,0.8157429643285588,-0.018999373668247232,-0.008661853360601586,0.5379927966833241,0.08043707540143402,0.0932400317719836,0.6420658571551411,0.8043707540143402,0.466200158859918,0.9172369387930587,0.7685611381190345,1.7763568394002505e-15,10.000000000000002,13.436571463513554,1989.7099444314647,0.6299163618294774,1.05569435004106,5.0,77.00000626216874,10.453678597635168,1.0453678597635165,1.0418569389334036,1.491446432939194,68.0402270927071,52.45781695920257,250.00000000000006,3.677425516847202,5.000000000000002,4.572,1369.341361721071,1418.819502422961,3070.539059183059,1418.819502422961,24398.81819359084,3070.539059183059,1418.819502422961,3049.852274198855,13.757249968399355,14.20009590222873,182.07548844591463,1786.1605416544226,35.590541135982114,349.14320854398454,583.4769723470398,5723.909098724462,259.78390133767306,0.34837540737184636,118.44790219217275,0.15884100579774751,65.66916630780142,0.08806366540208786,0.4903270204764066,0.31225727021414557,516894.6118947705,235676.9688888116,130662.59324515617,99408.22332257735,55854.02557419197,8614.910198246176,17239.333835385292,43554.197748385384,826.5503604645583,1149.8836937978915,3.3278187714830607,1.5173116976388261,0.8412187330372239,1.0062454928794238,0.35959375565425866,1001.5562888184324,1989.709944431465,621.3013957661084,975.6085486653566,951.6829541235943,4985.663339108983,-0.0922040900961627,1.5868705705384651,-0.04330926680300792,0.6803355369351075,-0.1899937366824723,108.50022387583697,40.474398716941586,201791.7258555353,1338609.605074496
0.1,0.30000000000000004,0.6,True,,3.537616014480591,0.4294576552085129,0.7797183158821179,-0.015420685396698134,0.022174775401810537,0.4227035652034005,0.09087157697337582,0.1754866212952262,0.513360117613516,0.9087157697337581,0.5849554043174205,0.8556001960225267,0.7045059420056675,5.329070518200751e-15,10.000000000000005,13.22293463697847,1933.7055430329651,0.676976978926892,1.058169049437966,5.000000000000003,77.00001875446085,10.293450977733858,1.0293450977733853,1.0502289753103455,1.4647418296223087,65.70957790932228,52.45781695920256,250.00000000000009,3.2937213167344264,5.000000000000003,4.572,1331.4033309285426,1351.6011531975064,2984.717386368484,1351.6011531975064,23712.06422144174,2984.717386368484,1351.6011531975064,2964.0080276802173,14.034947611783664,14.193644921550245,182.50229957873057,1790.347558867347,35.86148868841237,351.8012040333254,558.0491837994005,5474.462493072119,260.77088205638745,0.3496989682552567,117.97488562867694,0.15820668112576836,62.17555389369718,0.08337866128252579,0.49384992935266153,0.3030167645370898,504254.10009403195,228128.6902788527,120229.21320538709,93751.23155476569,53674.82715297,8404.2350015672,16687.19123336052,40076.4044017957,855.8672269539693,1179.2005602873026,3.442329436191555,1.5573380675343667,0.8207539802450338,0.9916236180147614,0.3664153399183222,1156.7769752305421,1933.7055430329651,585.9451972172853,954.9603458156798,972.7152565497101,4740.175442078483,0.01688522501278101,1.5778373623764614,0.07391591800603511,0.695061611034471,-0.15420685396698133,105.3638213933427,36.10643828272009,171150.85204867215,1287565.221607785
0.1,0.4,0.5,True,,3.356189727783203,0.36916079746726715,0.7608160583039814,-0.013486358126085432,0.06353095929837581,0.3191161962949768,0.09651155995438059,0.2683900705546688,0.39591442779493197,0.9651155995438058,0.6709751763866719,0.7918288555898639,0.6382323925899536,0.0,9.999999999999998,13.139974568666473,1912.1150554854783,0.7000003071616816,1.0591194907686678,5.0,77.000009410239,10.231230926499855,1.0231230926499857,1.066392615095876,1.454371821083309,64.64894845390296,52.45781695920257,250.00000000000006,2.8643373136185644,5.000000000000002,4.572,1316.769002323392,1326.3534374359551,2951.623237624392,1326.3534374359551,23447.31086789068,2951.623237624392,1326.3534374359551,2930.913858486335,14.14242099042194,14.191152270375225,182.6662220905069,1791.9556387078726,35.96857717745146,352.8517421107988,535.2169891454951,5250.478663517307,261.15994486749685,0.35022070926621063,117.53327085518522,0.1576144668822205,60.67335167265756,0.08136417806006724,0.49560026164991056,0.29897276946914547,499367.86247089814,224737.13672265224,116014.42920005355,91467.25338914277,52795.77698912493,8322.797707848302,16439.10537137919,38671.47640001785,869.9085688867417,1193.241902220075,3.4940967410672354,1.5724946598163663,0.8117575628093333,0.9848863945504389,0.3694141457302223,1375.5843714686898,1912.1150554854783,571.6703336821422,947.6447218033362,981.1125536383595,4517.55273108186,0.10008920234458075,1.5735108984756074,0.1588273982459395,0.7010018492999619,-0.13486358126085432,103.66855530891229,32.942527842286545,148819.60662266178,1234753.074032925
0.1,0.5,0.4,True,,3.9465301036834717,0.32636978318412796,0.7572485417988218,-0.01280246232477738,0.12324147950775216,0.21593076600115318,0.0985056179086668,0.37988742280166543,0.2788555010884896,0.985056179086668,0.7597748456033309,0.6971387527212239,0.5398269150028829,-1.7763568394002505e-15,10.000000000000002,13.601472566815678,1877.9568892559334,0.7000002408096194,0.9732361186825289,5.0,75.35498203256313,10.577354425111757,1.0577354425111756,1.0848183825014677,1.5120590708519597,61.97237136771239,52.457816959202574,250.00000000000006,2.481088335993374,5.000000000000001,4.572,1276.4055629709344,1302.65938672367,2882.054640051835,1302.65938672367,23028.446354500884,2882.054640051835,1302.65938672367,2878.5557943126105,14.142420705949807,14.378386825734236,167.8539263522965,1646.6470175160287,32.681971195475434,320.610137427614,507.9508296286223,4982.997638656785,248.9425078885866,0.3338368819287524,116.25125975841222,0.15589526436122597,58.22376802383862,0.07807923739532807,0.4987274976909901,0.2921090213754133,467503.29771802074,218314.85414799128,109341.72627880707,87770.9038569226,51323.66176398691,7791.721628633679,15969.32729415862,36447.24209293569,907.4797847556275,1230.813118088961,3.4088985915796157,1.5918886614461407,0.7972881871253195,0.9633350464924257,0.3742372709582269,1669.5603180828566,1877.9568892559334,548.5681491057661,936.5887401501675,899.5349013144274,4221.392003023855,0.1840650286382913,1.561934333361945,0.24648295901550432,0.7109497630268945,-0.12802462324777378,103.06918136901294,29.676369448894768,125275.58867034582,1156335.5960146028
0.1,0.6000000000000001,0.29999999999999993,True,,3.4102530479431152,0.3068938310693282,0.7733207959121919,-0.013863021980051168,0.19501231826009316,0.1257445347892862,0.09541330850634432,0.5036025087310486,0.17430497867479894,0.9541330850634431,0.8393375145517475,0.5810165955826633,0.4191484492976208,0.0,10.000000000000002,14.241453673090797,1844.2866879172363,0.700000407256693,0.874608708704827,4.999999999999999,73.29518690581932,11.057340254818099,1.1057340254818098,1.1070574888402684,1.5920567091363496,58.74837423859044,52.45781695920258,250.00000000000009,2.1160048429906424,5.0,4.572,1245.4424391527186,1279.3037254175126,2822.303566939412,1279.3037254175126,22615.565510585115,2822.303566939412,1279.3037254175126,2826.9456888231393,14.142421419560433,14.471648466592082,150.84366780052244,1479.7763811231252,28.951529033058442,284.01449981430335,479.0029748275548,4699.019183058313,234.30453342648786,0.3142070654155888,115.31783816236383,0.15464352733249315,55.28644251309688,0.07414022513891318,0.5028275319636903,0.2841903961201527,432124.7319171307,212679.15380224187,101964.04994920614,83860.57030373183,49872.553653996445,7202.078865285512,15557.086250349173,33988.01664973538,957.280519817782,1280.6138531511153,3.2978529412011,1.6231067585212646,0.7781606031432863,0.9358024317939758,0.3806131322855712,2078.085276044471,1844.2866879172363,524.1285643983238,927.3581235189127,804.0996519357029,3883.4984833149174,0.25878470897148853,1.5465895690570794,0.32502053043348855,0.7207557198162373,-0.13863021980051168,103.99866772916303,26.749959009769263,103883.42524317514,1060169.1918288807
0.1,0.7000000000000001,0.19999999999999996,True,,3.630568265914917,0.3112326379965036,0.8086313956954733,-0.016906991903804635,0.2706664374682735,0.05747319243203469,0.08653790317784388,0.6312515609362346,0.09084193158139477,0.8653790317784387,0.9017879441946207,0.45420965790697393,0.2873659621601735,0.0,9.999999999999998,14.856459348113303,1823.432005179856,0.7000004006972376,0.7968513389950279,5.0,71.51907118747498,11.518594511084977,1.1518594511084979,1.1317116141877333,1.6689324185141627,56.076075196544735,52.457816959202574,250.00000000000006,1.7541215522467812,5.000000000000001,4.572,1235.8722899546785,1264.8377159546326,2794.902709123052,1264.8377159546326,22359.834963517987,2794.902709123052,1264.8377159546326,2794.9793704397484,14.14242139143801,14.418803121917984,137.4328627984585,1348.2163840528779,26.047869781315512,255.5296025547052,453.17730765982486,4445.669388142882,222.24451173168094,0.2980343351224188,115.00259580347557,0.1542207810243768,52.84285335731722,0.07086332320922954,0.5067587968593428,0.27782324465129987,405247.755667117,209699.41386681996,96355.35005675802,81054.68737281497,48936.23735389563,6754.129261118616,15339.123792109978,32118.45001891934,1002.8996150756417,1326.232948408975,3.199797223743799,1.6557663624988188,0.7608125579793161,0.9116430048152314,0.38639581400689466,2668.831096802784,1823.432005179856,506.59179608009345,924.0402090997628,727.5787560823784,3533.347682728177,0.31719930695558607,1.5325332651961143,0.38666633924039073,0.7270829376966518,-0.16906991903804633,106.6664370628037,24.452957266988818,86400.79989516607,955154.2013863325
0.1,0.8,0.09999999999999998,True,,3.247950792312622,0.33725648069248987,0.8618966506935251,-0.021349032519064302,0.3427674004042125,0.015838112807341657,0.0735860961844695,0.755301079935768,0.033009474573287546,0.735860961844695,0.94412634991971,0.33009474573287556,0.1583811280734166,0.0,10.0,14.999999999999998,1819.8190843422324,0.7000000025592003,0.780612702321741,5.0,71.12878503401097,11.626249999999999,1.1626249999999998,1.1374741108472712,1.6868749999999997,55.5017767967218,52.457816959202574,250.00000000000006,1.3901966160896733,5.000000000000001,4.572,1235.8610672409766,1262.3317378263578,2791.802446910261,1262.3317378263578,22315.531521746623,2791.802446910261,1262.3317378263578,2789.441440218328,14.142419684494238,14.390364597659767,134.63218691734815,1320.7417536591854,25.446177463372567,249.6270009156849,447.7084598404026,4392.01999103435,219.66264806156437,0.29457200430351904,115.00081554486462,0.15421839366197437,52.317820639559685,0.07015924383406233,0.5076662841640699,0.27648808404777026,399746.2790595861,209280.6788434655,95208.96845106465,80505.32671093624,48769.003893914676,6662.437984326435,15308.494100586826,31736.32281702155,1013.2770061676508,1336.610339500984,3.177896780876996,1.663736300838127,0.7568907834815833,0.9062769471107406,0.3877030721728054,3547.824811792778,1819.8190843422324,503.1582919433514,923.8607923988811,711.477267867433,3199.1914650931494,0.3571315198723869,1.5293357497335904,0.4284592505052656,0.7282130286051204,-0.213490325190643,110.55949120887216,22.895699898333163,73247.72770208154,852368.6081479318
0.1,0.9,0.0,True,,2.975135087966919,0.38594936570632116,0.931813866107268,-0.0284201371549766,0.41436950286129776,0.0,0.05296863893752865,0.8788452271697393,0.0,0.5296863893752864,0.9764946968552659,0.19166989704953136,0.014524875604249598,0.0,10.0,14.999999999999998,1819.7466985776682,0.7000001341094947,0.7805816523960792,4.999999999999999,71.12796272212051,11.626249999999999,1.1626249999999998,1.1366169610686383,1.6868749999999997,55.500667741546394,52.45781695920258,250.00000000000006,1.0697314507032716,5.0,4.572,1235.8171248674082,1262.2814765350895,2791.6966148646075,1262.2814765350895,22314.643891308657,2791.6966148646075,1262.2814765350895,2789.330486413582,14.142420248492552,14.390303864230455,134.6268317400842,1320.6892193702263,25.445165307259483,249.61707166421553,448.3661344877193,4398.471779324526,219.65827932871022,0.294566145745387,115.01431565215402,0.1542364975758516,52.31966853608769,0.07016172190026432,0.5076430417042848,0.27650274061420155,399722.4286236717,209296.92119717711,95208.54408922348,80506.39190085931,48770.210537784806,6662.040477061195,15309.682198682398,31736.181363074495,1013.2972542142696,1336.630587547603,3.177665130418288,1.6638434092431809,0.7568773954264448,0.9062569074536628,0.38770753485785164,4858.84738384444,1819.7466985776682,503.16494938037056,923.7817491972977,711.4631177415807,2834.8660711653847,0.38594936570632116,1.5293295108396743,0.46041055873477527,0.7282048746312234,-0.284201371549766,116.75668650815764,21.705153256027092,61531.20253495608,737732.2607371114
0.2,0.0,0.8,True,,2.5667920112609863,0.6043529297482982,0.9040451901322509,-0.04674355574721853,-0.0,0.6510964854955168,0.13537661925382025,0.0,0.7686685708784307,0.6768830962691011,0.3369402286005702,0.9608357135980383,0.8138706068693959,0.0,10.000000000000004,13.665803163118063,2050.4535977620494,0.5891573017739632,1.0530028325039986,4.999999999999999,77.00000024909609,10.625602372338548,1.0625602372338545,0.9867426789648437,1.5201003953897578,70.2647067110434,52.45781695920258,250.00000000000009,4.0,5.0,4.572,1410.4553965194514,1495.7881227790122,3163.5887861513584,1495.7881227790122,25143.68724255713,3163.5887861513584,1495.7881227790122,3142.9609053196414,13.447726645050711,14.207047161263164,181.61128271231183,1781.6066834077792,35.30738407917462,346.36543781670304,670.335542433748,6575.991671275067,258.74842200874417,0.3469868088821661,120.09600231385178,0.16105114102292153,69.61054650375992,0.09334913507247214,0.4848251014809802,0.32360752999689435,530551.6328230825,246251.2800212768,142733.19552081698,106166.75586320362,58589.02402293129,8842.527213718042,18012.825112667466,47577.73184027233,800.3829641080463,1123.7162974413795,3.198299149729022,1.4844648678602046,0.860431727338705,1.0185802156887902,0.3531894242204317,896.9381334561784,2050.453597762049,663.5422241450224,994.1113736170265,930.0218536571421,5194.276271005242,-0.23371777873609262,1.5949333537295471,-0.17090379245685347,0.661853608247221,-0.23371777873609262,112.33224789234336,45.22873406379671,234930.54011518572,1374715.8702629306
0.2,0.1,0.7000000000000001,True,,2.924204111099243,0.49578868524255665,0.8498686570599581,-0.037892605744415726,-0.004715415008411102,0.5383967059953835,0.16118363140731165,0.04623050909310712,0.6424545165595392,0.8059181570365582,0.4623050909310712,0.9177921665136274,0.7691381514219764,-1.7763568394002505e-15,10.0,13.425462028585843,1986.783552826728,0.6300823239720739,1.0558240866430033,5.0,77.0000108257952,10.44534652143938,1.044534652143938,0.9913540442764259,1.4900577535732302,68.03544581544563,52.457816959202574,250.00000000000003,3.683279468557768,5.000000000000001,4.572,1367.3598144766243,1416.6169635086303,3066.055453448236,1416.6169635086303,24362.933316537757,3066.055453448236,1416.6169635086303,3045.3666645672197,13.758374462040292,14.199759122912308,182.0978641033833,1786.3800468541904,35.60446735409277,349.27982474365007,643.4919497192138,6312.656026745488,259.83472177089203,0.3484435585892017,119.61259367328027,0.1604028803677423,65.8820258147108,0.08834911425804348,0.48874292737585534,0.31355058394240765,516235.3516677173,237644.3338210196,130893.32531557334,99673.14290495872,56042.03446643427,8603.922527795288,17383.242936907915,43631.10843852445,826.6084473396655,1149.941780672999,3.3147407158854847,1.5259112857560548,0.8404643995408649,1.005327869448564,0.3598452001530451,1000.4936266882479,1986.7835528267292,622.9571431559918,971.0264096707374,952.7562350988605,4986.512077278021,-0.14202673584275607,1.586852672621765,-0.04715415008411102,0.6790650547011187,-0.18946302872207862,108.45371203579514,40.617663989446086,202540.4720341935,1339069.4161450707
0.2,0.2,0.6000000000000001,True,,2.908115863800049,0.408026045270594,0.8125446274966719,-0.031219942572578985,0.012052750622550202,0.4271932372206228,0.1806393394970888,0.11422500939928595,0.5176802786002972,0.903196697485444,0.5711250469964297,0.8628004643338286,0.7119887287010379,1.7763568394002505e-15,10.000000000000002,13.229647973131398,1935.4612444641637,0.6723741768276102,1.0580944316205052,4.999999999999997,77.00006926680365,10.29848597984855,1.0298485979848548,0.996452319087825,1.4655809966414246,65.93178018259117,52.457816959202596,250.0,3.3346372172760983,4.999999999999998,4.572,1332.5938341095762,1355.1109473250724,2987.409010474475,1355.1109473250724,23733.593510241808,2987.409010474475,1355.1109473250724,2966.699188780226,14.011306487983642,14.193840263333179,182.48943025195985,1790.2213107717262,35.85295611710078,351.7174995087587,620.471106164245,6086.821551471245,260.7398574308587,0.34965736361193017,119.19317124961877,0.15984042650916377,62.710988847530295,0.08409669026431509,0.49188341254172285,0.3051675482442623,504651.88894453837,230693.76355841733,121374.68851641928,94502.39403118682,54044.16452571373,8410.864815742307,16874.82159362497,40458.22950547309,852.9827963664916,1176.3161296998248,3.417661660697385,1.5623308826299467,0.8219876485337838,0.9921468682553254,0.36600411715540543,1139.397056308947,1935.4612444642,590.6399626949176,952.0212817692825,972.04263582737,4765.038014476083,-0.04791797987507196,1.5787261225014548,0.060263753112751006,0.6925657898803612,-0.15609971286289492,105.52971366698253,36.61513542141492,174472.51218823183,1293528.1138734194
0.2,0.30000000000000004,0.5,True,,2.664222002029419,0.341295764837865,0.7909649524192376,-0.0272026252200802,0.0424659414977416,0.3260324485602036,0.1923527666102842,0.1960426341884161,0.4025695516205373,0.9617638330514209,0.6534754472947203,0.8051391032410746,0.6520648971204072,1.7763568394002505e-15,10.000000000000009,13.124634516702466,1908.1318492524379,0.7000000090323653,1.0592942122997158,4.9999999999999964,77.00000015787093,10.219725887526852,1.0219725887526843,1.002076122580294,1.4524543145878082,64.65429452753091,52.45781695920261,250.0,2.9632794617375824,4.999999999999997,4.572,1314.0685009471786,1323.5905751656262,2945.517103537174,1323.5905751656262,23398.466801458017,2945.517103537174,1323.5905751656262,2924.808350182252,14.14241971224679,14.19069313618692,182.69635629375102,1792.2512552416977,35.98848452133033,353.0470331542505,604.8630848102254,5933.706861988311,261.2322062977605,0.3503176132894228,118.90338924497671,0.15945182304529867,60.93542988249215,0.08171563018101963,0.49360333009939367,0.3005408742678832,498465.49288724014,226883.34400239983,116272.834506672,91755.45827083527,52997.84676861127,8307.758214787336,16596.0964594348,38757.611502224,869.8366387034051,1193.1699720367385,3.476827661916157,1.5825253657709628,0.8110102165761073,0.9838606574232258,0.36966326114129766,1321.9625924208294,1908.1318492524379,573.4716141927204,941.8602350597175,982.679628925746,4559.562399449055,0.030526632555322793,1.5735330618374197,0.1415531383258053,0.6996363497121414,-0.136013126100401,103.7693027061404,33.58618887796344,153138.32394875615,1245775.9372571334
0.2,0.4,0.4,True,,3.3517837524414062,0.29154260514369246,0.7819187435441428,-0.025422025208242927,0.08403352228679245,0.23293110806514294,0.19754452186044824,0.2891602395602757,0.29521398212341887,0.9877226093022412,0.7229005989006893,0.7380349553085471,0.5823277701628573,1.7763568394002505e-15,9.999999999999998,13.32139971559011,1892.9777851180936,0.7000000150132627,1.021176746722906,4.999999999999999,76.28586576085661,10.367299786692584,1.0367299786692585,1.0205332952500399,1.4770499644487636,63.48038238957713,52.45781695920258,250.00000000000006,2.6001293477413645,5.0,4.572,1295.131572022918,1313.0788377223375,2913.623482566072,1313.0788377223375,23212.640090010627,2913.623482566072,1313.0788377223375,2901.5800112513284,14.14241973788882,14.283836166706491,176.12224119789184,1727.759186151319,34.52353708301139,338.6758987843417,578.5505197707005,5675.580598950572,255.86010941146864,0.3431135239229677,118.01251113461852,0.15825713768174612,59.8119894929476,0.0802090741498326,0.4952889773082688,0.29720726692235466,484337.503213795,223395.06194383453,113222.76739386664,90017.08061754899,52276.15815292677,8072.291720229917,16340.93508663234,37740.92246462222,885.9221087301028,1209.255442063436,3.4435242726189728,1.5882856749320227,0.8049869050957418,0.9747692034422646,0.3716710316347527,1560.4185750519507,1892.9777851180934,562.606753859681,937.5710312584124,946.4444101001733,4343.762209214382,0.0976858284642492,1.5685767545462805,0.21008380571698113,0.7045132071509778,-0.12711012604121463,102.98903380959324,31.03264849171397,134798.44577014082,1190203.729750535
0.2,0.5,0.30000000000000004,True,,3.2686500549316406,0.26162000822157383,0.7888098110306361,-0.02566603502980477,0.14155300192883352,0.1457330413225451,0.1968330542294456,0.3984379530768655,0.19353880372432497,0.984165271147228,0.796875906153731,0.6451293457477498,0.48577680440848364,3.552713678800501e-15,10.0,13.813725610975139,1860.492459330322,0.7000004510232566,0.93580550224096,4.999999999999998,74.59289949863305,10.736544208231358,1.0736544208231358,1.0353359018589663,1.5385907013718922,60.76895073121852,52.45781695920259,250.00000000000003,2.285179682030021,4.999999999999999,4.572,1259.8740665442338,1290.5449669763036,2850.591093825571,1290.5449669763036,22814.28878253807,2850.591093825571,1290.5449669763036,2851.786097817259,14.142421607201218,14.4315843174635,161.3982720512527,1583.317048822789,31.271005622638395,306.7685651580827,552.4786416777856,5419.815474859078,243.50947410707425,0.32655107496706876,116.91843924562812,0.15678996539717224,57.34446506275614,0.07690007453845725,0.4984530854166286,0.2904200174921641,453047.54035170394,217525.8745731615,106688.9448335889,86451.88041324027,50888.89880204397,7550.792339195066,15911.61489933311,35562.9816111963,925.450802636226,1248.7841359695592,3.3538938012583017,1.6103358198961983,0.7898142222831228,0.9524332568672117,0.37672859257229246,1863.054807831619,1860.492459330322,540.3242525827516,927.3682067475703,864.7298984146078,4064.5497413543944,0.16555280985575538,1.5563970449393516,0.28310600385766704,0.7138877018262627,-0.12833017514902384,103.09596027985663,28.31174792057839,115074.50768787772,1113264.0774025018
0.2,0.6000000000000001,0.19999999999999996,True,,3.428428888320923,0.2533825552773775,0.8118996556285819,-0.02845511311763131,0.20505846184059578,0.07677920655441306,0.1887008455866691,0.5137797777944102,0.10941903224750256,0.9435042279333455,0.8562996296573502,0.5470951612375129,0.38389603277206535,-1.7763568394002505e-15,10.0,14.295414527529497,1837.4001932583483,0.7000007089251357,0.8649994489232802,5.0,73.07962051835149,11.097810895647122,1.1097810895647122,1.0516696738058025,1.598801815941187,58.42473831416795,52.45781695920257,250.00000000000006,1.983269248645897,5.000000000000002,4.572,1240.768830221059,1274.5267385775835,2811.7420199743365,1274.5267385775835,22531.119869830498,2811.7420199743365,1274.5267385775835,2816.3899837288122,14.142422712905036,14.471918771457716,149.18635982282905,1463.518189861953,28.60056629486347,280.57155535261063,528.80455043996,5187.572639816009,232.88003360291805,0.3122967826621852,116.29936513150405,0.15595977462864957,55.20591722591171,0.07403223911829213,0.5015222967548818,0.28469738394329586,427893.81874801224,213688.47596844874,101435.36297989456,83696.48452440929,49884.69686444443,7131.5636458002045,15630.916297692083,33811.78765996486,962.58324559632,1285.9165789296533,3.27196590818413,1.634006797261864,0.7756434774533405,0.9321708512584884,0.3814521741822197,2254.5148567303163,1837.4001932583485,523.103028277558,921.4971649807906,795.8392201602953,3785.0244989482203,0.22075418590370557,1.544955675960051,0.3417641030676596,0.7206736612872296,-0.14227556558815654,104.3181499167795,26.126072061647072,98887.82281462081,1032077.2027875237
0.2,0.7000000000000001,0.09999999999999998,True,,3.503444194793701,0.26587449127842955,0.8502983171163898,-0.033700247608598646,0.2717122795143075,0.027862459372720715,0.1734074308106026,0.6323110536475396,0.04457983265824764,0.8670371540530128,0.9033015052107707,0.4457983265824765,0.2786245937272072,1.7763568394002505e-15,10.0,14.735300161311196,1822.1649096004212,0.7000006743597277,0.8090117356822514,5.0,71.80249564795012,11.4277251209834,1.14277251209834,1.068291849835222,1.6537875201638994,56.50232020334594,52.45781695920257,250.00000000000006,1.7000171541411626,5.000000000000002,4.572,1233.5523975137564,1263.9586804443086,2791.4994527032586,1263.9586804443086,22344.29720397517,2791.4994527032586,1263.9586804443086,2793.037150496896,14.142422564712742,14.435881573932436,139.53016507769885,1368.7909194122258,26.508698069240197,260.05032805924634,508.2272837090906,4985.709653186179,224.2018223273759,0.3006591277774577,116.03394466944644,0.15560384048062106,53.44655765191723,0.07167290274237405,0.5043267683874345,0.2801054759552929,408532.6933134126,211432.98229918216,97388.44189225946,81663.73908362549,49200.925119538995,6808.878221890211,15465.931112625361,32462.81396408649,995.3338911954474,1318.6672245287807,3.201677104851178,1.657003588005061,0.7632347417648875,0.9148519722841589,0.3855884194117041,2761.797941431244,1822.1649096004214,510.39836927265924,918.9665403277622,740.7081849712466,3506.932802394371,0.2644578132285654,1.534864440621384,0.38816039930615354,0.7252942930224904,-0.16850123804299322,106.61659722347454,24.397286676541604,85559.6449353829,948188.3689575872
0.2,0.8,0.0,True,,3.2929248809814453,0.2972668471617577,0.9030128597057531,-0.04092233168378524,0.33818917884554295,0.0,0.1523497577424171,0.750663101963336,0.0,0.7617487887120854,0.9383288774541699,0.346285990773776,0.17520767227085432,-5.329070518200751e-15,9.999999999999995,15.000000000000002,1815.2271240777752,0.7000000270027018,0.7786429776706294,5.0,71.0765552491722,11.626249999999995,1.1626250000000002,1.0791009980710533,1.6868750000000001,55.431707619189694,52.457816959202574,250.00000000000006,1.4352981807442666,5.000000000000001,4.572,1233.0769416016644,1259.1464793519042,2785.092205180212,1259.1464793519042,22259.22260900372,2785.092205180212,1259.1464793519042,2782.402826125465,14.142419789291408,14.386462870957953,134.292468723402,1317.4091181765739,25.381968973199275,248.99711562708487,496.20017287624984,4867.723695916011,219.3853349847752,0.29420012192128325,115.98677564707745,0.15554058587824382,52.463895401228896,0.07035513301095597,0.5060204363668552,0.2775879095036035,398234.2106892528,210542.34118889854,95233.88596708994,80621.61642351808,48876.987767821425,6637.23684482088,15400.782364743503,31744.628655696648,1014.5578522660991,1337.8911855994324,3.161309660454462,1.6713519814964672,0.7559968371107723,0.9049178257594083,0.3880010542964092,3419.4644866555486,1815.2271240777752,503.8851026469879,918.5420214307875,710.5790634983288,3240.0556687756234,0.2972668471617577,1.5289410912718837,0.42273647355692867,0.7274833206018467,-0.2046116584189262,109.78135490889214,23.108937892582688,74874.24521824635,865777.3653846353
0.30000000000000004,0.0,0.7,True,,3.8935530185699463,0.48178618530117717,0.8844940204993639,-0.0568162354095428,-0.0,0.53860242071072,0.2418415561422586,0.0,0.6426524643571053,0.8061385204741952,0.4577959157919203,0.918074949081579,0.7694320295867428,0.0,9.999999999999998,13.419898251499754,1985.3192915686063,0.6298627722990007,1.0558894136685333,5.0,77.00002068735203,10.441173688624817,1.0441173688624819,0.9459110455820288,1.4893622814374692,68.0494074754653,52.457816959202574,250.00000000000006,3.6858528245662217,5.000000000000001,4.572,1366.3683926262877,1415.7260113640646,3063.812091390348,1415.7260113640646,24344.977812860037,3063.812091390348,1415.7260113640646,3043.1222266075047,13.756886639048718,14.19958948301905,182.10913104829174,1786.4905755837422,35.61146178253825,349.3484400867003,706.2848592861973,6928.654469597595,259.8602425307425,0.3484777824385763,120.80913957293046,0.16200747235009122,66.13343926662222,0.08868626472532573,0.4871823142098679,0.3149653797816398,515905.55260797986,239844.7153919432,131295.99279380587,100049.09514507557,56283.76421380694,8598.425876799665,17544.19677404029,43765.330931268625,826.4388525329024,1149.7721858662358,3.3001753108344682,1.534252934804268,0.8398820125878138,1.004505801156141,0.3600393291373953,1000.4345568028864,1985.3192915686113,625.3068446567222,967.2124469118892,953.29475650417,4987.2611397379005,-0.18938745136514265,1.5869049287246895,-0.05160522832479777,0.6774315503184225,-0.18938745136514265,108.44708835158664,40.78351686207422,203398.04878806818,1339303.60213848
0.30000000000000004,0.1,0.6,True,,4.012020111083984,0.38806085299548393,0.8461118187362463,-0.04743643993228559,0.004782672146872626,0.4307146207808969,0.269190540805169,0.055852568323296194,0.5210687096077811,0.8973018026838966,0.5585256832329619,0.8684478493463018,0.7178577013014948,-1.7763568394002505e-15,9.999999999999998,13.238435412344572,1937.749913932021,0.6684046759190767,1.0579910518824365,4.999999999999999,77.00002482415398,10.305076559258428,1.030507655925843,0.9505330349247504,1.4666794265430714,66.12403665920951,52.45781695920258,250.00000000000006,3.3673976087466873,5.0,4.572,1334.1441865812662,1358.7480131826574,2990.916170389314,1358.7480131826574,23761.65831959141,2990.916170389314,1358.7480131826574,2970.2072899489262,13.990325263583433,14.194110815864324,182.47160035990478,1790.0463995306661,35.84160641494942,351.6061589306538,682.6740955500809,6697.032877346293,260.698583930974,0.3496020150231148,120.38492990712807,0.16143859870405688,63.20637034772666,0.08476100676370842,0.4900890739808839,0.3072015891868221,505168.65857444465,233275.8875662498,122478.13870126278,95244.77648104716,54418.7302472929,8419.477642907412,17063.69918308679,40826.046233754256,850.5027380498667,1173.8360713832,3.3944952514217923,1.5675039992572035,0.822995356437277,0.9924913509110365,0.3656682145209077,1125.9144463119826,1937.7499139320262,595.2798530065446,949.6700609254816,971.1608977005075,4785.38998099961,-0.10663441946353243,1.579490286128426,0.047826721468726255,0.6900346378212645,-0.15812146644095196,105.70690241492744,37.07855513987178,177435.34627628402,1298204.9879781078
0.30000000000000004,0.2,0.49999999999999994,True,,3.609982967376709,0.31521112501636717,0.8222685242090775,-0.04131097666058825,0.02548369005146143,0.33103841162549397,0.2870507597701839,0.127831253750305,0.4073865106885886,0.9568358659006129,0.639156268751525,0.8147730213771773,0.662076823250988,-1.7763568394002505e-15,10.000000000000007,13.116636654261915,1906.0567862173696,0.7000000094367022,1.0593854795692998,4.999999999999996,77.0000002788313,10.213727490696435,1.0213727490696427,0.9592822733488892,1.4514545817827393,64.6570797094954,52.457816959202624,250.00000000000003,3.041296672166246,4.999999999999996,4.572,1312.6616675742832,1322.1511913062734,2942.3360957589957,1322.1511913062734,23373.021340990494,2942.3360957589957,1322.1511913062734,2921.6276676238117,14.142419713980313,14.190453191983567,182.7120971496987,1792.4056730385444,35.998887051114174,353.14908197143006,659.3152546177026,6467.882647799664,261.2699583662115,0.3503682395682569,119.9547047500924,0.1608616581639689,61.13763882460155,0.08198679641656718,0.49217199885115237,0.30174809689818555,497995.37717864703,228640.47902761455,116531.81137493832,92023.8412513541,53179.90412637466,8299.922952977451,16724.627632575506,38843.937124979435,869.7991694374088,1193.1325027707421,3.4634181431721567,1.5901303899930403,0.810446056867498,0.9830667714046718,0.36985131437750074,1282.3608757104585,1906.0567862173693,575.149007820963,938.1077783964064,983.4985890687174,4591.2522794961405,-0.03165457321825364,1.5735446069894072,0.12741845025730714,0.6984060853568401,-0.13770325553529414,103.91742754275938,34.11286544779641,156620.7712473404,1253754.25326674
0.30000000000000004,0.30000000000000004,0.3999999999999999,True,,3.6426339149475098,0.2605864772375587,0.8097578356044925,-0.03856832232082312,0.05413440462502876,0.24502039493335304,0.29504760913174743,0.20786339783276486,0.3068468286399803,0.983492030439158,0.6928779927758828,0.7671170715999509,0.6125509873333828,1.7763568394002505e-15,9.999999999999998,13.125636005994073,1906.193218689033,0.7000003591901001,1.0580624527221996,4.9999999999999964,76.97614642038405,10.220477004495557,1.0220477004495558,0.974922638455459,1.452579500749259,64.6166770508811,52.45781695920261,250.00000000000003,2.688725927939909,4.999999999999997,4.572,1312.4346238575758,1322.2456885607562,2942.2257015103696,1322.2456885607562,23374.69434417427,2942.2257015103696,1322.2456885607562,2921.8367930217837,14.142421213484015,14.193923965058977,182.48391485488625,1790.1672047264342,35.9457242655724,352.62755504526524,638.3762734253311,6262.4712423024985,261.0769666963836,0.3501094338791843,119.53838873102504,0.1603033700560792,61.0257294418844,0.08183672369615583,0.492741696742278,0.3011931488185805,497663.1434725489,227863.26597209345,116326.83162767172,91861.17404697201,53085.563504414764,8294.385724542482,16667.775936847574,38775.61054255724,870.3430259232217,1193.676359256555,3.4672364590024536,1.5875313127129236,0.8104530887406391,0.983055732712215,0.3698489704197869,1486.7260905368476,1906.1932186890333,574.132337793575,939.2608808954584,982.0110237302287,4433.717871105972,0.02594347050700939,1.5733770321618459,0.1804480154167625,0.6990435982037806,-0.12856107440274372,103.1161965490598,32.1369159721117,142486.0186677826,1214288.0442239405
0.30000000000000004,0.4,0.29999999999999993,True,,2.4580399990081787,0.22163417762082288,0.8098985773595059,-0.03751243431310257,0.09982736258031728,0.15931924935360817,0.29812629725441686,0.3051602261146109,0.2066120539904781,0.9937543241813893,0.7629005652865272,0.6887068466349272,0.5310641645120273,3.552713678800501e-15,10.000000000000016,13.542707717897768,1874.487821016316,0.7000000145696185,0.9795847460762744,5.0,75.47596324495636,10.53328078842333,1.0533280788423314,0.9900075047031869,1.504713464737221,62.17418236999076,52.457816959202574,250.00000000000006,2.412300913928818,5.000000000000001,4.572,1275.015475409864,1300.2531297652076,2877.6985066517254,1300.2531297652076,22985.906905212574,2877.6985066517254,1300.2531297652076,2873.238363151572,14.142419735986786,14.367473356316607,168.9488734206713,1657.3884482567855,32.9408763571108,323.149997063257,608.7735526680683,5972.06855167375,249.92661860054275,0.33515659407569987,118.26170057827798,0.15859130570948235,58.786554964424575,0.07883394593839264,0.49556025823182703,0.29488916715466035,468484.40271450725,221680.1174266603,110194.68132032012,88442.5843809689,51711.02394086219,7808.07337857512,16215.490071024224,36731.5604401067,904.534198695178,1227.8675320285113,3.390109185929693,1.6041511693273331,0.7974054188785146,0.963520220133202,0.3741981937071618,1726.5288650564073,1874.4878210163158,552.7661523810555,928.9216686352604,907.4995575951737,4191.898883202146,0.08902132609602101,1.5628419369099826,0.2495684064507932,0.7083321380945317,-0.12504144771034187,102.8077325237558,29.56140172808319,123918.4068898419,1149352.7246252666
0.30000000000000004,0.5,0.19999999999999996,True,,2.4548838138580322,0.20285801789628197,0.8243767593723414,-0.03924681037506377,0.1528777557831389,0.08922707248820685,0.2930693187271872,0.4099105212447435,0.1213969194004108,0.9768977290906239,0.819821042489487,0.6069845970020541,0.44613536244103436,1.7763568394002505e-15,9.999999999999476,13.940684047464517,1850.674624392931,0.7000000741325306,0.9145732248903498,5.0000000000000036,74.14793263262375,10.831763035598389,1.0831763035598956,0.9961473979831833,1.5544605059330645,60.07562514838331,52.457816959202546,250.00000000000009,2.1440346039709377,5.000000000000003,4.572,1251.4068928891122,1283.7348966016136,2833.7296925412957,1283.7348966016136,22693.897581618316,2833.7296925412957,1283.7348966016136,2836.7371977022894,14.142419991351844,14.452559325545298,157.73634351172663,1547.3935298500382,30.474095598160144,298.950877817951,593.6534385971285,5823.74023263783,240.3866536114466,0.32236331022602216,117.63279707401114,0.1577479335321904,56.90169860033207,0.07630631585701732,0.4979104763161167,0.28984259771284815,444877.47988143755,217700.03254123544,105306.52968448932,85824.69450484749,50722.51794335105,7414.624664690626,15924.354232182963,35102.17656149644,936.1313193272846,1259.464652660618,3.317478597119138,1.6234024674392666,0.7852772373604725,0.9458371982637491,0.3782409208798425,2024.690702709243,1850.6746243929313,536.4043406552967,921.4702837376346,844.9254177503933,3952.3679987716105,0.1420386817600939,1.5531061294323028,0.3057555115662778,0.715012031226453,-0.13082270125021256,103.31440805899403,27.467798271985686,108562.84688691037,1081674.5563685072
0.30000000000000004,0.6000000000000001,0.09999999999999987,True,,2.90987491607666,0.20323246377722215,0.8522859938277862,-0.0436711257874803,0.2110112095467657,0.03589238001793678,0.2801691937029857,0.5198102226697527,0.052306577455047694,0.9338973123432855,0.8663503711162545,0.5230657745504776,0.35892380017936826,1.7763568394002505e-15,10.000000000000007,14.320532368466496,1833.1848164958471,0.7000002904103234,0.8600924923824214,4.999999999999998,72.9679908578335,11.116649276349875,1.1116649276349868,1.0053056954118877,1.601941546058312,58.25880453261931,52.45781695920259,250.00000000000006,1.8928525276506643,4.999999999999999,4.572,1237.969276542358,1271.60287148347,2805.338328284277,1271.60287148347,22479.428812280326,2805.338328284277,1271.60287148347,2809.928601535041,14.142420918603623,14.471369022320488,148.34005756789622,1455.215964741062,28.423205960640832,278.83165047388655,577.3778152236843,5664.0763673443425,232.15683264448006,0.31132695571290064,117.24548388497185,0.15722853879942494,55.25798506818818,0.07410206313614172,0.5002149982330717,0.2855130983203125,425586.3806496283,214932.64086063893,101298.0992171568,83743.72428023728,49977.691207851676,7093.106344160472,15721.924655546736,33766.0330723856,965.3248926190928,1288.6582259524262,3.2524859141001934,1.6425934162002755,0.7741569180997101,0.9299825090919615,0.3819476939667633,2389.7806838450597,1833.1848164958467,523.3982767514829,916.986539744364,791.8128052253586,3715.97915437717,0.18593342639920596,1.5441109107709612,0.3516853492446094,0.7200452460045732,-0.14557041929160097,104.60691458558553,25.75639372989882,95710.22219223487,1012177.2993632092
0.30000000000000004,0.7000000000000001,-1.1102230246251565e-16,True,,3.5605649948120117,0.22156626436257967,0.8927599632570549,-0.050588144768010164,0.27215440913058986,-3.016775497105539e-17,0.26000100917590824,0.6327589540811466,-4.875668065634954e-17,0.8666700305863606,0.9039413629730664,0.4391611376715161,0.27172698009249896,3.552713678800501e-15,10.000000000000007,14.65251511367286,1821.9032077380086,0.7000002334064653,0.8177574367481341,5.000000000000003,72.0045959977372,11.36563633525465,1.136563633525464,1.0246461821333868,1.6434393892091075,56.806922108541016,52.45781695920256,250.00000000000006,1.6615441855377453,5.000000000000003,4.572,1232.5098302799445,1263.7773178747605,2790.233130943315,1263.7773178747605,22341.08808488733,2790.233130943315,1263.7773178747605,2792.6360106109164,14.142420674210152,14.446017680660821,141.03853517867603,1383.588030102812,26.839724727592237,263.29769957767985,552.3668101356782,5418.7184074310035,225.59733636363637,0.30253054001036367,116.85988255236327,0.15671143970037021,53.894988520049985,0.07227425750515744,0.5025630888751687,0.28183819087904916,411016.5107780596,212907.3948780376,98191.45246568222,82157.10464409871,49426.620488871304,6850.275179634327,15573.781662374971,32730.484155227405,989.9968549979207,1313.330188331254,3.201799382262589,1.6585386414506706,0.7649068190787387,0.9170631198390653,0.38503106030708706,2832.1834891561966,1821.9032077380086,513.4819040256168,915.6213037123918,750.0116194167707,3486.7456753383817,0.2215662643625797,1.5365089055561965,0.38879201304369976,0.7237691419851622,-0.16862714922670052,106.62763222063518,24.37375194021505,84985.07416931532,942691.7901202961
0.4,0.0,0.6,True,,3.858962059020996,0.3693538592118938,0.8802330735668507,-0.06405376415764388,0.0,0.43340762336953764,0.35657303776060384,0.0,0.5236600358062469,0.8914325944015096,0.5477559930269814,0.8727667263437447,0.7223460389492294,3.552713678800501e-15,10.00000000000002,13.247640275575698,1940.1555668480767,0.6652904698705839,1.0578866249683185,4.999999999999999,77.000055152031,10.311980206681778,1.0311980206681757,0.9160078839782891,1.4678300344469621,66.27534732301008,52.45781695920258,250.0000000000001,3.394317421611964,5.0,4.572,1335.774773261142,1362.0752201946564,2994.6035851074375,1362.0752201946564,23791.157638474542,2994.6035851074375,1362.0752201946564,2973.894704809318,13.973476522140684,14.194384008645944,182.45358986151177,1789.8697165414305,35.82986358877405,351.4909618058735,736.0176996326497,7220.333633396294,260.65587394598714,0.3495447400790477,121.3901952780891,0.16278667967182306,63.61340387458858,0.08530684686390078,0.48865073258332287,0.30889127553610257,505712.94486795744,235515.86312955967,123419.89965343804,95887.54044514766,54747.573894001645,8428.549081132624,17227.549247440013,41139.96655114601,848.5609883788869,1171.8943217122203,3.375373726481596,1.5719472175756057,0.8237643327955185,0.9927109118852576,0.3654118890681606,1115.1147640095926,1940.1555668480971,599.2971277821725,948.0584390659247,970.2406410046166,4801.696705446044,-0.1601344103941097,1.580088584346375,0.037195789589729904,0.6878124556365773,-0.1601344103941097,105.88331907747943,37.47467726927599,179942.03438153627,1301781.6600034898
0.4,0.1,0.5,True,,3.3752379417419434,0.2905732487569101,0.8544168056225403,-0.05577802979179023,0.011518471222430283,0.33483280732627,0.3807028743646995,0.06267628520523846,0.4110376460526023,0.9517571859117487,0.6267628520523846,0.8220752921052046,0.66966561465254,0.0,10.000000000000002,13.111480689249607,1904.7196385298334,0.7000000632465563,1.0594443646410239,4.999999999999998,77.00000186938132,10.209860516937205,1.0209860516937204,0.9227074953092651,1.4508100861562008,64.6588741546561,52.45781695920259,250.00000000000009,3.1045310428599224,4.999999999999999,4.572,1311.755116095314,1321.2236468063554,2940.2862859002976,1321.2236468063554,23356.624567472085,2940.2862859002976,1321.2236468063554,2919.5780709340106,14.142419944680473,14.190298340864675,182.72225305154245,1792.5053024356316,36.005601254365644,353.214948305327,712.1198471499231,6985.8957005407465,261.2943221446475,0.3504009118824152,120.95842295534564,0.16220766435157763,61.33173676267052,0.08224708563347644,0.49087101184216764,0.3029044120815419,497692.42682525085,230391.88364864467,116819.7634770007,92311.67716624742,53371.75600724719,8294.873780420849,16852.73963726197,38939.92115900023,869.7750303392452,1193.1083636725784,3.4505185361817308,1.597314771668411,0.8099153966256523,0.9823055643073318,0.3700282011247826,1252.0092824496512,1904.7196385298332,576.9479822890462,934.9716562407872,984.0272435010122,4615.978189879504,-0.08851911713871989,1.5735520448067686,0.11518471222430282,0.6971096338789399,-0.13944507447947557,104.07008250586466,34.56871018609083,159568.41227126072,1259801.618693022
0.4,0.2,0.39999999999999997,True,,3.6167709827423096,0.2315827371771305,0.8394585742973103,-0.05194948582283326,0.032930391876597666,0.2506018311233661,0.39186588858416305,0.13537515231214944,0.3122175334009978,0.9796647214604076,0.6768757615607471,0.7805438335024946,0.6265045778084153,0.0,10.000000000000004,13.113314421389099,1905.1950412714828,0.7000000008780519,1.0594233591680147,4.999999999999998,77.00000002435428,10.211235816041825,1.0211235816041822,0.9371354760001085,1.4510393026736372,64.65823604016455,52.45781695920259,250.00000000000003,2.77622823672832,4.999999999999999,4.572,1312.0774117974781,1321.5534386163213,2941.0150499179686,1321.5534386163213,23362.45419359156,2941.0150499179686,1321.5534386163213,2920.306774198945,14.142419677286613,14.19035358298478,182.71863023992282,1792.4697626536429,36.00321061992704,353.19149618148424,690.5335951545569,6774.134568466204,261.28564752802595,0.35038927904803335,120.54993771924298,0.16165987748025923,61.252615621032106,0.08214098260011649,0.4913935221037352,0.3024333609766331,497800.12002580345,229671.1435682878,116698.17954609853,92191.12634363997,53291.733161607124,8296.668667096725,16800.018835087718,38899.39318203284,869.783614180767,1193.1169475141003,3.4557781150104487,1.5944000004491174,0.8101304092013137,0.982615628066235,0.3699565302662288,1431.282222653469,1905.195041272715,576.1945396477497,936.2005016249651,983.8391363317814,4476.19808159304,-0.03169848991039267,1.5735493999256274,0.16465195938298832,0.6976503934275251,-0.12987371455708316,103.23123780234307,32.72549723888185,146485.80795986127,1225407.3985646006
0.4,0.30000000000000004,0.29999999999999993,True,,3.4557409286499023,0.18578417262656924,0.8345827574862961,-0.04977470868247458,0.06652847213789842,0.1690304091711454,0.39820695932511174,0.22041923668348049,0.21595656147770384,0.9955173983127793,0.7347307889449348,0.7198552049256797,0.5634346972371514,5.329070518200751e-15,10.000000000000009,13.338544253035703,1886.957272222967,0.7000001232329822,1.0154085961591557,4.999999999999999,76.1725331874048,10.380158189776783,1.0380158189776774,0.9479449920475389,1.4791930316294628,63.300838086092256,52.45781695920258,250.00000000000009,2.5021344755673303,5.0,4.572,1289.857672255723,1308.9026189499598,2903.2020572997994,1308.9026189499598,23138.813550634135,2903.2020572997994,1308.9026189499598,2892.351693829267,14.14242020186148,14.296624426143783,175.12740890454523,1717.9998813535888,34.31409126990872,336.6212353578046,668.4145891016922,6557.147119087601,255.0828084997148,0.34207114785428755,119.68847897846742,0.16050464407970438,59.99115727117495,0.08044934172379103,0.4930311257938397,0.2988030583807421,481330.3605175953,225847.0458097248,113200.7504819153,90212.57663584084,52478.99314186908,8022.172675293255,16520.29316571135,37733.58349397177,888.4349074980663,1211.7682408313997,3.4147282143903896,1.602239008222699,0.8030862548231716,0.9719697722172197,0.37230458172560943,1638.565184356654,1886.9572722229673,563.8286039740051,930.3286682489622,942.2020689553876,4285.151427514305,0.02393394779346264,1.567802502825059,0.22176157379299472,0.7031425366108289,-0.12443677170618643,102.75473804151449,30.597519905658565,131115.00610213017,1175148.1945590188
0.4,0.4,0.19999999999999996,True,,3.2853429317474365,0.1581760193101318,0.8424298184766422,-0.050317293830442734,0.11051068330988578,0.09798262983068877,0.3966249255882262,0.3159829889672165,0.1298219039211995,0.9915623139705655,0.7899574724180412,0.6491095196059976,0.48991314915344397,-1.7763568394002505e-15,9.999999999999998,13.685278820857912,1863.2978464071814,0.7000003025898874,0.9542642826254856,4.999999999999997,74.96707070594881,10.640209115643433,1.0640209115643435,0.9584266207168152,1.5225348526072389,61.365364884995834,52.457816959202596,250.00000000000003,2.2606896696435035,4.999999999999998,4.572,1263.8558545597546,1292.4910035536175,2856.971481721943,1292.4910035536175,22848.689841568063,2856.971481721943,1292.4910035536175,2856.086230196008,14.142420970821226,14.40780993901653,164.5818558740681,1614.5480061246083,31.98217066597968,313.74509423326066,645.6760440415169,6334.08199204728,246.26285335949242,0.33024341161214654,118.80461374975592,0.1593193631306977,58.223988780658395,0.07807953343463853,0.49528557162112075,0.29390540460557407,458861.04431482975,221368.38094315722,108488.63290423669,87621.32919183961,51458.45155709406,7647.684071913829,16192.687124545759,36162.877634745564,916.4562833605527,1239.789616693886,3.3515933970657157,1.6169095482839952,0.7924180755885855,0.9561716712927827,0.37586064147047166,1880.2102953631993,1863.2978464071814,547.6333074489975,922.8645389581841,883.729555993264,4073.2775845049814,0.07524173684930381,1.559168465444461,0.27627670827471446,0.7100389122930633,-0.12579323457610683,102.87361996667275,28.566216215497548,116358.12818470888,1116560.2528905699
0.4,0.5,0.09999999999999998,True,,3.0573041439056396,0.14857480595284886,0.8624406437036631,-0.05366519078622273,0.16072884874292082,0.041511147996150764,0.38686335000604716,0.41786408918381185,0.057713204513804114,0.9671583750151178,0.8357281783676237,0.5771320451380413,0.4151114799615077,1.7763568394002505e-15,10.000000000000007,14.018261896187555,1845.109738818361,0.7000000927190405,0.9021057034466644,4.999999999999998,73.8823204758775,10.889946422140667,1.088994642214066,0.9697769936153777,1.5641577370234443,59.66474185027546,52.45781695920259,250.00000000000006,2.0345994500295026,4.999999999999999,4.572,1246.8735653775145,1279.8747630807022,2824.4383999038782,1279.8747630807022,22625.658172260155,2824.4383999038782,1279.8747630807022,2828.2072715325194,14.142420071038462,14.461489176068918,155.58607145951723,1526.2993610178642,30.00690801697001,294.3677676464758,624.4944376887443,6126.290433726581,238.536895350177,0.31988274740249434,118.18741113860453,0.15849168208509146,56.665930764162205,0.0759901464733568,0.4974496062622009,0.28966332705765907,440126.74867810775,218068.74329756884,104554.86071216266,85513.70011721838,50662.07987983083,7335.445811301795,15951.324741211054,34851.62023738755,942.5780198746943,1265.9113532080275,3.2939882003453596,1.6320659206552393,0.7825074901923299,0.9418095992427865,0.37916416993589,2164.952103544595,1845.1097388183607,534.4606257326147,917.849113085746,833.2258422728908,3866.1696890558674,0.11895961995188678,1.5511197511123727,0.32145769748584163,0.7154204453447606,-0.13416297696555682,103.60715356379559,26.882714725824762,103933.1368325195,1056952.2067388466
0.4,0.6000000000000001,-1.1102230246251565e-16,True,,2.8847429752349854,0.15562822444521346,0.8938039856702665,-0.05951450023901659,0.21514272468423007,-3.7799810745394894e-17,0.369808322004535,0.5239956636657317,-5.610058227739464e-17,0.9245208050113375,0.8733261061095526,0.5053091228794847,0.34047042717527143,-1.7763568394002505e-15,9.999999999999996,14.31500223431208,1832.180014780257,0.7000000778074674,0.8602628652631624,4.999999999999998,72.97075654175416,11.112501675734059,1.1112501675734063,0.9839450134669518,1.60125027928901,58.26458324198336,52.45781695920259,250.00000000000006,1.823638364235466,4.999999999999999,4.572,1237.2884140064116,1270.9059648886837,2803.7983624555354,1270.9059648886837,22467.1074312429,2803.7983624555354,1270.9059648886837,2808.3884289053626,14.142420007107768,14.471396030931139,148.3694417598999,1455.5042236646182,28.432159376359145,278.91948348208325,602.3884145396463,5909.430346633931,232.1933948987829,0.31137598642716585,117.72611949409041,0.15787308076396514,55.36374137844455,0.07424388446332171,0.4994855825184393,0.28612500332396196,425420.0976975301,215695.44335470485,101436.34049704886,83877.20205105565,50065.088552039364,7090.334961625502,15777.722245390447,33812.11349901628,965.2291512323714,1288.5624845657046,3.246041306440939,1.6457998165339818,0.7739797743681917,0.9296826578973,0.38200674187726946,2499.8249298875126,1832.180014780257,524.2325128190977,915.1475019611593,792.2793902924986,3665.785565370497,0.1556282244452135,1.5441404109181305,0.35857120780705004,0.7194546528056878,-0.14878625059754147,104.88875364296922,25.499817825963326,93476.86410599365,997472.1527860557
0.5,0.0,0.5,True,,3.6973981857299805,0.26779965465962036,0.8872327003869767,-0.0708852686371229,0.0,0.33868492329674327,0.4724883779739726,0.0,0.4147443224130041,0.9449767559479452,0.6135458113276525,0.8294886448260081,0.6773698465934865,-5.329070518200751e-15,10.000000000000002,13.122121421107332,1907.4841152984825,0.6962676426930645,1.0593253307771442,4.999999999999999,77.00004775220283,10.217841065830495,1.0217841065830493,0.8925872596136148,1.4521401776384164,64.82830588274511,52.45781695920258,250.00000000000009,3.151779867237651,5.0,4.572,1313.63000005296,1324.6612984972487,2944.5247915137907,1324.6612984972487,23390.52396384764,2944.5247915137907,1324.6612984972487,2923.815495480955,14.126191496880194,14.19061133344002,182.70172329413052,1792.3039055154204,35.9918348304313,353.079899686531,762.0960138993872,7476.161896352988,261.24436557984296,0.35033391912988104,121.89299189360649,0.1634609399891642,61.733662908029004,0.08278607663292506,0.48954719833987037,0.30452710254178195,498319.4775547801,232508.94580326107,117755.98137625644,92940.89772421142,53688.90393212595,8305.324625913001,17007.59881338669,39251.99379208548,867.5018337095879,1190.8351670429213,3.4314760610707804,1.6010790616166244,0.8108790632132187,0.9827314114133806,0.3697069789289272,1229.181436709851,1907.4841152984995,580.8806107763212,933.8035045221784,982.93795852046,4641.939511619649,-0.1417705372742458,1.5742524695385958,0.10213796186294878,0.694966486290018,-0.1417705372742458,104.27388866971667,35.05484880439535,162722.4877389756,1265940.9765183288
0.5,0.1,0.4,True,,3.607250928878784,0.20431596183933928,0.8702138377726729,-0.06573417069066984,0.015100156598723852,0.25494997593128527,0.48750760723928815,0.06630471988594437,0.3164015106474403,0.9750152144785763,0.6630471988594437,0.7910037766186008,0.6373749398282131,3.552713678800501e-15,10.000000000000004,13.109751425948078,1904.2710313212683,0.7000000015047276,1.0594639880752916,4.999999999999996,77.00000004144343,10.208563569461061,1.0208563569461058,0.9064550728394751,1.4505939282435096,64.6594758216655,52.45781695920262,250.00000000000009,2.8521493703518868,4.9999999999999964,4.572,1311.4509361137868,1320.9124916378396,2939.5985477260733,1320.9124916378396,23351.123521577054,2939.5985477260733,1320.9124916378396,2918.8904401971317,14.142419679973374,14.190246729695229,182.72563750309263,1792.5385039053388,36.00784997584621,353.2370082630514,737.7111040520605,7236.945930750714,261.30248155541284,0.35041185381543977,121.43948923206118,0.1628527838499787,61.4251552561684,0.08237236170162696,0.4902668245649382,0.3034600170776655,497590.7460383327,231253.7014030652,116970.14374873282,92459.21914964095,53469.17123339667,8293.179100638878,16915.780010039027,38990.04791624428,869.7669369401772,1193.1002702735104,3.4443085329232916,1.6007313306250919,0.8096639003410805,0.9819400525582399,0.3701120332196398,1386.5994748174119,1904.271031322134,577.8701196852558,933.6009116368782,984.2046094281324,4510.142690150549,-0.08439002348657665,1.5735545385711873,0.15100156598723852,0.6964513441955804,-0.13146834138133967,103.37099268320296,33.23412836931103,149890.66112837315,1234069.7860214824
0.5,0.2,0.3,True,,4.065438747406006,0.15353004781320193,0.8617814774550994,-0.06268640929948288,0.039588256886021515,0.17662820022666328,0.4963940674767086,0.1421199179075717,0.22326749207081903,0.9927881349534172,0.7105995895378584,0.7442249735693968,0.588760667422211,3.552713678800501e-15,9.999999999999991,13.193719637655311,1897.3726837928787,0.7000000057502164,1.0427213282788226,5.000000000000003,76.68913080206566,10.271539728241487,1.0271539728241497,0.9180865681010624,1.4610899547069138,64.1465357313883,52.45781695920256,250.00000000000003,2.581190661238966,5.000000000000003,4.572,1302.7783171293333,1316.1273972381034,2925.027856530427,1316.1273972381034,23266.532535010174,2925.027856530427,1316.1273972381034,2908.3165668762717,14.142419698175148,14.232964150296182,179.83803280935933,1764.2111018598152,35.36379581244823,346.91883692011714,716.5318571391668,7029.177518535226,258.9550448115751,0.3472638941932184,120.86166357114236,0.16207790808217334,60.903066279917326,0.08167222994269474,0.4911662263019119,0.30181066044508903,491334.2283558434,229319.61897765036,115555.81431874231,91623.56844895997,53104.96367604587,8188.903805930723,16774.30546225405,38518.6047729141,876.7219240812196,1200.055257414553,3.432019855490678,1.601821001191994,0.8071691860069063,0.9781364375667706,0.3709436046643646,1568.9226358369037,1897.3726837928787,572.6473028059997,931.925380986879,968.3561988626274,4360.04814978639,-0.03299736059065909,1.5714115453344517,0.19794128443010756,0.698912500290806,-0.12537281859896576,102.83677423957019,31.485094377290125,137276.5274855537,1195329.9848310323
0.5,0.30000000000000004,0.19999999999999996,True,,3.6397299766540527,0.11805324039774666,0.864274420877406,-0.06187477283948553,0.0751464542081575,0.10478155902907468,0.4987605831592887,0.2291497034152593,0.13636413430285815,0.9975211663185773,0.7638323447175309,0.6818206715142909,0.5239077951453736,-3.552713678800501e-15,9.99999999999999,13.499259381066148,1874.1504574348075,0.7000004602689278,0.9854965691197345,4.999999999999999,75.59047738786815,10.500694535799608,1.050069453579962,0.9271236818430676,1.4992824226332684,62.36149182627405,52.45781695920258,250.00000000000003,2.3595445896420877,5.0,4.572,1275.7294055523216,1300.018939227653,2878.1239916619284,1300.018939227653,22981.76998429433,2878.1239916619284,1300.018939227653,2872.721248036791,14.142421646840253,14.356848599068565,169.9684848907924,1667.3908367786737,33.17398887936164,325.4368309065377,694.031578685622,6808.449786905952,250.8093867613784,0.3363404038347437,119.92449365627088,0.1608211444829324,59.27150369233465,0.07948427188149461,0.4931781043141906,0.2972336001240782,470054.5269277809,224756.54464353775,111083.71575783787,89129.67802200574,52101.77276939312,7834.242115463015,16440.525024851373,37027.905252612625,901.8173328219364,1225.1506661552696,3.3752494557368977,1.6138753304634363,0.7976420386873107,0.9638505289202465,0.37411932043756324,1772.3747592548352,1874.1504574348073,557.0604876375357,924.2899697972716,914.0039080957466,4169.378083361428,0.01658960171083998,1.5636790664507574,0.2504881806938583,0.7056916276448411,-0.12374954567897106,102.6945087827962,29.527129762475553,123109.76769623451,1143649.9482020333
0.5,0.4,0.09999999999999998,True,,3.3306939601898193,0.09975041207849708,0.877969714655264,-0.06397656928605519,0.1179505102279391,0.045776471136613164,0.49263230467803953,0.3235199228884893,0.0618174870887351,0.9852646093560791,0.8087998072212232,0.6181748708873511,0.4577647113661317,1.7763568394002505e-15,9.999999999999993,13.7902287370512,1855.9457311665983,0.7000005772672335,0.936590614866811,5.000000000000003,74.60474716907049,10.718921552788402,1.071892155278841,0.9370480208195304,1.5356535921313998,60.79443156420618,52.45781695920256,250.00000000000006,2.148462817435603,5.000000000000003,4.572,1256.874328009465,1287.391044591509,2843.703912548328,1287.391044591509,22758.53452843041,2843.703912548328,1287.391044591509,2844.816816053801,14.14242214844782,14.43067516190979,161.53368033948604,1584.6454041303582,31.314024962209494,307.19058487927515,672.8088647164767,6600.254962868637,243.6769138201848,0.32677561497114427,119.22506737137809,0.15988319984636545,57.83295913342291,0.07755515485710279,0.49510027969290527,0.2932556008677315,452251.12798842305,221275.25483595926,107334.83362440858,87082.63689138595,51304.35901658309,7537.5187998070505,16185.875122259982,35778.27787480286,925.0629174840249,1248.3962508173581,3.3237477899709957,1.6262273186748475,0.7888403012566171,0.9509183836246798,0.37705323291446097,2009.316821132517,1855.9457311665985,544.2664805711621,918.8792505954364,866.9795257963275,3982.570057166526,0.05997104549098213,1.556516561372803,0.29487627556984775,0.71108020258936,-0.12795313857211038,103.06291637197498,27.873172530634747,111006.86231874247,1090941.766244038
0.5,0.5,0.0,True,,3.4707107543945312,0.0973053487026884,0.9021333756334169,-0.06866642800887257,0.16597177671156096,0.0,0.4789579261062957,0.4231754495271212,0.0,0.9579158522125913,0.8463508990542424,0.5547201380608618,0.39182019235327226,0.0,10.000000000000004,14.06818277567033,1841.536537936039,0.7000003412156235,0.894199450995557,4.999999999999998,73.71206194131295,10.927387081752748,1.0927387081752744,0.9473710095925798,1.5703978469587911,59.402698465841794,52.45781695920259,250.00000000000006,1.9549842582951316,4.999999999999999,4.572,1244.0891702374693,1277.3960881865862,2818.598925740588,1277.3960881865862,22581.841796440676,2818.598925740588,1277.3960881865862,2822.7302245550845,14.142421136421834,14.465786928418844,154.22248096880736,1512.9225383040002,29.71126193391821,291.46747957173767,653.1159437904934,6407.06740858474,237.35888215267641,0.3183030081443821,118.71288060263244,0.15919634714574216,56.55133280378058,0.07583646831652584,0.4969370577715913,0.2897628029652242,437105.054087808,218614.10715338608,104141.34562714284,85377.40623923548,50663.6243635212,7285.0842347968,15991.217097331019,34713.78187571428,946.7360184303118,1270.069351763645,3.276595611634291,1.6387594182249774,0.7806568990232685,0.9391068873088014,0.3797810336589106,2277.48344154864,1841.5365379360392,533.6087889952216,915.1277489408176,825.8164176550812,3802.142328614575,0.0973053487026884,1.5498385750868322,0.33194355342312193,0.7154100083964552,-0.13733285601774514,103.88496531419393,26.491998311706098,100726.34815052361,1038391.8168213122
0.6000000000000001,0.0,0.3999999999999999,True,,3.6096839904785156,0.17853555793008813,0.9017868094266461,-0.07990342598705417,0.0,0.2584389839171423,0.5820280209813516,0.0,0.3197587884452945,0.9700467016355859,0.6507940858752511,0.7993969711132364,0.6460974597928559,3.552713678800501e-15,10.000000000000005,13.107760827292365,1903.7548660009527,0.7000000000268988,1.0594866794228028,4.999999999999999,76.99999999885976,10.207070620469278,1.0207070620469272,0.8801773083712924,1.4503451034115455,64.66016831684377,52.45781695920258,250.00000000000003,2.916880154143048,5.0,4.572,1311.1009731347142,1320.5544501187824,2938.8072645149305,1320.5544501187824,23344.794044336686,2938.8072645149305,1320.5544501187824,2918.0992555420858,14.142419673637445,14.190187045264247,182.72955107730206,1792.5768960683333,36.01044271290415,353.2624430135897,782.2054144726832,7673.435115977022,261.31188889898596,0.35042446925131815,122.26783567815416,0.1639636130011183,61.586629561299844,0.08258890197429432,0.4892519807328139,0.30441893403937736,497473.7800353449,232767.98712769087,117245.8457079227,92726.24431684606,53644.29574753849,8291.229667255748,17026.547206562573,39081.94856930757,869.7576219410715,1193.090955274405,3.4335826018651594,1.6065733370229653,0.8092352041852093,0.9813102089645761,0.37025493193826353,1350.5886874552177,1903.7548660009866,579.5390269802878,931.4158390206989,984.4089011873716,4538.022628768171,-0.13317237664509027,1.5735574087389792,0.13890632397477454,0.6952679289788875,-0.13317237664509027,103.52033624223756,33.68481256860522,152862.44168214497,1241020.5984596065
0.6000000000000001,0.1,0.29999999999999993,True,,3.553481101989746,0.12399826493228831,0.8908288329459445,-0.07612838890431223,0.017863196499088782,0.18226345733751176,0.5930350233758236,0.06910382386783376,0.22868998570228719,0.9883917056263726,0.6910382386783376,0.7622999523409575,0.607544857791706,1.7763568394002505e-15,9.999999999999998,13.10857057189529,1903.9651751276651,0.7000001210791101,1.0594776426074701,5.000000000000003,77.00000379086455,10.20767792892147,1.0207677928921473,0.8925872154110286,1.4504463214869112,64.65988696825832,52.45781695920256,250.00000000000003,2.6533521495064734,5.000000000000003,4.572,1311.2436149204732,1320.700284222904,2939.129720148995,1320.700284222904,23347.372960002995,2939.129720148995,1320.700284222904,2918.4216200003743,14.142420192627139,14.19021081511917,182.72799249875533,1792.5616064127898,36.00939451988567,353.25216024007847,760.6901691309115,7462.370559174242,261.3080857342621,0.3504193691313601,121.86855142184024,0.16342816482771622,61.50869332283842,0.08248438791979278,0.4897373572763644,0.30395634829592283,497521.4952173092,232033.4778504389,117110.41005429189,92595.56830630597,53558.76495487534,8292.024920288486,16972.819213133957,39036.80335143063,869.7614064369636,1193.0947397702969,3.4387580611392305,1.6037638576075095,0.8094411407121576,0.9816138704979699,0.3701862864292808,1512.6637611314516,1903.9651751276654,578.7223019144122,932.442873213253,984.3258789029026,4416.77672875843,-0.0832359891503192,1.573556242647808,0.17863196499088782,0.6958459088352736,-0.1268806481738537,102.9689221122825,32.20458433552433,142240.45865248214,1210298.7535572296
0.6000000000000001,0.2,0.1999999999999999,True,,3.6423511505126953,0.08170660537115679,0.8888790467133652,-0.0740313148787274,0.045622122190979185,0.110115798058905,0.5991495325356202,0.148232539154576,0.14149697502316894,0.9985825542260335,0.7411626957728799,0.707484875115845,0.5505789902945253,0.0,10.000000000000009,13.354041008390455,1883.8756695098082,0.7000002180485888,1.01148395904249,5.0,76.09591426439906,10.39178075629284,1.0391780756292832,0.9014882242029079,1.4811301260488068,63.178383919684656,52.45781695920257,250.00000000000009,2.440264524170435,5.000000000000002,4.572,1286.9867862811125,1306.7650036485768,2897.6964076729346,1306.7650036485768,23101.025397364025,2897.6964076729346,1306.7650036485768,2887.628174670503,14.14242060836609,14.305115960256717,174.45052717266688,1711.359671563862,34.168502578487654,335.19301029496387,737.8740691446307,7238.544618308827,254.54109740758784,0.34134470244552345,120.95815058769094,0.16220729910110532,60.14243919447731,0.08065221380857797,0.4914382666353829,0.30005540443994444,479523.78029648087,227870.11692105446,113300.87790344887,90442.73214869389,52675.77284754427,7992.063004941348,16668.27707107713,37766.95930114962,890.1568976670994,1213.4902310004327,3.3932546275270807,1.612477546451265,0.8017511206869756,0.9699715074205141,0.3727496264376749,1691.8979131517683,1883.8756695098082,565.2670759293366,925.8085935804717,938.9715039205762,4246.368587232508,-0.03551149085968527,1.5672719176189145,0.2281106109548959,0.7018127850385057,-0.12338552479787897,102.66260558507389,30.360946654238553,128923.7701512005,1164903.7229980594
0.6000000000000001,0.30000000000000004,0.09999999999999987,True,,3.348504066467285,0.05572798745383032,0.8973440108876842,-0.07484777209668088,0.08143434187278441,0.04914141767772679,0.5967689608071775,0.23551966260311094,0.06505538747739585,0.9946149346786289,0.7850655420103697,0.6505538747739593,0.49141417677726856,0.0,9.999999999999996,13.61706254378574,1865.588755105218,0.7000009813494764,0.9646924611025628,4.999999999999998,75.17613726835219,10.589046907839306,1.058904690783931,0.9102724426989041,1.5140078179732175,61.699723564873395,52.45781695920259,250.00000000000006,2.2445836960431373,4.999999999999999,4.572,1266.7787037428618,1294.0798438618137,2861.853052885158,1294.0798438618137,22876.782109477736,2861.853052885158,1294.0798438618137,2859.597763684717,14.142423880868728,14.392240083939907,166.3804026691146,1632.1917501840144,32.38320433072577,317.6792344844198,716.6766454129188,7030.597891500733,247.80202384749958,0.3323074700199739,120.20256851657065,0.1611940484320916,58.78373093971093,0.07883015886477115,0.49319512702315504,0.2962547188096441,462296.6691822103,224248.5601592787,109666.2674242554,88430.31552930087,51874.89305454907,7704.944486370172,16403.36690053983,36555.4224747518,911.48988974701,1234.8232230803433,3.345796817592263,1.6229624155800297,0.7936917416999104,0.9579926239591906,0.37543608610002976,1892.9517405307324,1865.588755105218,552.6894720581304,920.0992830470877,894.2613214148273,4076.2767238692013,0.0073184108623372685,1.5606987267819672,0.27144780624261466,0.7072247819734692,-0.12474628682780144,102.78186429342978,28.746147286208192,117177.25108368626,1117756.3936297072
0.6000000000000001,0.4,-1.1102230246251565e-16,True,,3.398329019546509,0.045007088471774336,0.9155751578035526,-0.07833912535555636,0.12334621382733074,-4.797072654333542e-17,0.5865891048645501,0.3289860529390027,-6.588748730331774e-17,0.9776485081075833,0.8224651323475066,0.5934617265352001,0.4320818923705147,0.0,10.000000000000002,13.87002809654824,1850.7511891275988,0.7000003228222472,0.9236262224371369,4.999999999999999,74.33507233518705,10.77877107241118,1.0778771072411177,0.9199887718585282,1.5456285120685298,60.37221464040975,52.45781695920258,250.00000000000006,2.062583584052258,5.0,4.572,1252.1585158530188,1283.7879095412434,2834.5467781876832,1283.7879095412434,22694.836456677178,2834.5467781876832,1283.7879095412434,2836.8545570846472,14.142421057563688,14.444481567447104,159.29771300296906,1562.7105645591266,30.824634545405296,302.389664890426,696.0382564690874,6828.135295961747,241.7652662497355,0.32421205734622033,119.60452533377952,0.160392060563105,57.55705141563553,0.07718515708939556,0.4949033572349271,0.2928584973528003,447447.3540014485,221358.21748653447,106523.7813501658,86721.31395549071,51213.38683876877,7457.455900024142,16191.94368651502,35507.927116721934,931.532403847323,1254.8657371806564,3.3021444613708586,1.6336152294013107,0.786141456517791,0.9469623321579248,0.37795284782740285,2118.623380310968,1850.751189127599,542.0082122218168,915.9429769057822,854.6267896910554,3911.125277838865,0.045007088471774384,1.5545231622132432,0.3083655345683268,0.7116949529573979,-0.13056520892592724,103.29184114330226,27.37054547409989,107049.63227199022,1070475.6098529433
0.7000000000000001,0.0,0.29999999999999993,True,,3.6259260177612305,0.09577666838889207,0.9210014615141454,-0.08974014680765996,0.0,0.18551681519655203,0.6891809509884972,0.0,0.23182051052564823,0.9845442156978531,0.6783936236580687,0.7727350350854942,0.6183893839885068,1.7763568394002505e-15,10.000000000000005,13.107260454262066,1903.6253672924888,0.700000085083864,1.0594925167325668,5.0,77.00000260488733,10.206695340696552,1.0206695340696545,0.8696372566367148,1.4502825567827582,64.66034251283176,52.457816959202574,250.00000000000009,2.723262399026108,5.000000000000001,4.572,1311.0132069755784,1320.464588278401,2938.608777240248,1320.464588278401,23343.206066424147,2938.608777240248,1320.464588278401,2917.9007583030184,14.142420038304014,14.190171690783272,182.730557837475,1792.58677238563,36.01109909725651,353.26888214408643,801.2265576749794,7860.032530791548,261.3142704339025,0.35042766293727196,122.61890611558829,0.16443440547912622,61.65530715827714,0.08268100000539282,0.48883066526839475,0.3048262134722809,497444.47403350635,233420.46019128995,117368.60673470654,92843.98601304792,53721.117101479074,8290.741233891773,17074.274402881394,39122.86891156885,869.7552788002471,1193.0886121335805,3.4290262304841415,1.6090336158276426,0.8090551853262278,0.9810432224700987,0.3703149382245908,1467.005340052669,1903.625367296929,580.2749125815493,930.5504547153796,984.46032804635,4450.191631435343,-0.1282002097252285,1.5735581307151436,0.16615026511413875,0.6947488037172658,-0.1282002097252285,103.08456996455394,32.669668449507846,145386.28513576707,1218940.5529317036
0.7000000000000001,0.1,0.19999999999999993,True,,3.7223470211029053,0.0485158313345426,0.9155869405192519,-0.08678818252684078,0.020807446132521387,0.11449656772886199,0.697788092374185,0.07208650279025146,0.14571234535481548,0.9968401319631214,0.7208650279025146,0.7285617267740776,0.5724828386443102,0.0,10.000000000000002,13.234335510888199,1892.8571304262982,0.7000000547974092,1.0340970999817325,4.999999999999996,76.52638761707638,10.30200163316615,1.0302001633166147,0.8795823724653331,1.4661669388610248,63.88070838664386,52.45781695920262,250.00000000000006,2.5084491502468182,4.9999999999999964,4.572,1297.7687790341356,1312.9951288166003,2916.1575300768577,1312.9951288166003,23211.160561852485,2916.1575300768577,1312.9951288166003,2901.3950702315606,14.142419908456265,14.25390128770571,178.3506131034565,1749.6195145449085,35.03572681052142,343.7004800112152,778.7802485167549,7639.834237949367,257.75108646928214,0.3456493619770368,121.93203502935287,0.1635132976150628,60.90009626622599,0.08166824709493438,0.48993339602967634,0.3025496214754348,487885.9818985061,230799.92193269977,115275.18146117384,91629.31333080868,53204.25284375073,8131.433031641768,16882.58688211415,38425.06048705795,880.3702346125797,1203.703567945913,3.407719834020152,1.6120599911476408,0.8051584526100053,0.9751070850178631,0.3716138491299981,1628.5409968369902,1892.8571304262985,572.6832083175542,927.3739221087443,960.5164303106693,4310.818622913387,-0.08247592049289923,1.5702874160390745,0.20807446132521384,0.6982415473263366,-0.12398311789548683,102.7149793134525,31.107519235712033,134098.87323394386,1182358.4886127694
0.7000000000000001,0.2,0.09999999999999992,True,,3.0031931400299072,0.015668840186549446,0.9196103031369225,-0.08632621876762352,0.050125998902121896,0.051869060052051066,0.6991350556204821,0.15279520190672566,0.06768004560971473,0.9987643651721171,0.7639760095336282,0.6768004560971478,0.5186906005205111,3.552713678800501e-15,10.00000000000001,13.478483037780396,1874.3689099795356,0.7000002958834343,0.9885431129901439,4.999999999999996,75.6495811837818,10.4851122783353,1.048511227833529,0.8883995751301623,1.4966853797225494,62.457816297245714,52.45781695920262,250.00000000000006,2.326231244817805,4.9999999999999964,4.572,1276.380042426526,1300.170535314992,2878.9614049892207,1300.170535314992,22984.448758624058,2878.9614049892207,1300.170535314992,2873.056094828007,14.142420942068568,14.351202764576751,170.4939219770621,1672.5453745949792,33.29309574645605,326.60526927273395,755.942069019089,7415.791697077264,251.25923249065005,0.33694365595461157,121.10049977233356,0.16239819220469476,59.58630825630035,0.0799064310978639,0.49161318977216795,0.29882294160589223,470952.4937257944,226987.01175624586,111686.72365606629,89616.70901355435,52387.80112819892,7849.20822876324,16603.679563651316,37228.90788535543,900.4265208684133,1223.7598542017465,3.363319176772278,1.6210335005944625,0.7976135692404335,0.9637797754899391,0.3741288102531887,1803.0111142373494,1874.3689099795356,560.1044313347146,921.464478644821,917.2320644428605,4153.655378278208,-0.04022246651722402,1.564107607949042,0.25062999451060947,0.7037587725338632,-0.12332316966803358,102.65714071165651,29.521845598141716,122623.5727454202,1139492.4637322235
0.7000000000000001,0.30000000000000004,-1.1102230246251565e-16,True,,3.242525100708008,-0.002447018178795581,0.9328213853985343,-0.08859149709198572,0.08614447891319019,-5.1595180118937084e-17,0.6925301075381471,0.24029127786038726,-6.937509683819006e-17,0.9893287250544958,0.8009709262012907,0.6248753205385297,0.46472806791551735,5.329070518200751e-15,10.000000000000002,13.709254776825235,1859.3987525099308,0.7000000197239017,0.9490568859988656,5.0000000000000036,74.8594277983023,10.65819108261893,1.0658191082618929,0.897104445523867,1.5255318471031543,61.19771356231949,52.457816959202546,250.00000000000006,2.153852328091311,5.000000000000003,4.572,1260.5806144610135,1289.786477430405,2850.3625247773116,1289.786477430405,22800.877202653024,2850.3625247773116,1289.786477430405,2850.109650331628,14.142419758084852,14.41501652210368,163.68373675058612,1605.73745752325,31.78997004566639,311.8596061479873,735.4220464284114,7214.4902754627155,245.5217654613336,0.3292495979189576,120.4568801545723,0.16153508542488457,58.42087499871605,0.0783435617907782,0.49318725190992346,0.2955616651957945,456522.86441283947,223977.37269064997,108627.70209315122,87930.71864877093,51721.48461772052,7608.714406880657,16383.530039408653,36209.23403105041,918.9669181398078,1242.300251473141,3.3227822735223507,1.6302097915814044,0.7906421147007029,0.9534871836783894,0.37645262843309896,1998.1034259220808,1859.3987525099308,549.5669915548182,917.0317609551126,879.3392034126875,4001.0427360312283,-0.002447018178795529,1.558394880498472,0.28714826304396723,0.7082614493949414,-0.1265592815599796,102.94075718231197,28.161128169205085,112673.87729984241,1096490.734376041
0.8,0.0,0.19999999999999996,True,,3.5200698375701904,0.01805564637895464,0.943951432039603,-0.10014627975049523,0.0,0.11820192612944987,0.7946736269490081,0.0,0.14927780509059488,0.9933420336862601,0.7023512589713817,0.7463890254529746,0.5910096306472494,0.0,9.999999999999988,13.134806526934435,1901.0770198547946,0.7000006382326474,1.0538038302150365,5.000000000000004,76.89473289743555,10.227354895200827,1.022735489520084,0.8603121684012702,1.4537258158668043,64.48649443033533,52.45781695920253,250.00000000000009,2.568576050019013,5.000000000000004,4.572,1307.8927985677537,1318.6966860655562,2933.3095372869166,1318.6966860655562,23311.95695596942,2933.3095372869166,1318.6966860655562,2913.9946194961776,14.14242240982504,14.204985575032463,181.74943069944015,1782.961915161508,35.792731838852085,351.126699339139,817.5940233502414,8020.597369065868,260.52077550256087,0.3493635703644442,122.85537410349107,0.1647515137802636,61.56403257841647,0.08255859896830806,0.48860598229850527,0.30477429851199966,495270.05950266833,233557.5284738107,117037.96758441947,92703.9064229645,53691.25056149134,8254.500991711138,17084.300693917634,39012.655861473155,872.1000377888741,1195.4333711222075,3.4191961300477365,1.6124112131936075,0.8079950688623112,0.9794283225104169,0.37066831037922954,1576.1555455664393,1901.0770198547948,579.3994151435279,928.8776047112669,979.1462730637452,4366.320003003012,-0.12518284968811902,1.572835655956743,0.1897992266094506,0.6949506287904981,-0.12518284968811902,102.8201251514584,31.788477873521817,138798.66680417696,1197122.1414120258
0.8,0.1,0.09999999999999995,True,,3.5775270462036133,-0.021083564215596345,0.9441338908659169,-0.0983912197831976,0.02317186217272806,0.054135793394873205,0.7997909142336282,0.07448177994571761,0.06986119668657109,0.9997386427920353,0.7448177994571761,0.6986119668657113,0.5413579339487323,-3.552713678800501e-15,9.999999999999972,13.359971500118457,1882.7130553537086,0.7000002480759308,1.009994955311165,5.0000000000000036,76.06677648733083,10.39622862508884,1.039622862508887,0.8686162097629663,1.481871437514807,63.13186304587583,52.457816959202546,250.0,2.395067815637207,5.000000000000003,4.572,1285.9069874108557,1305.95853541291,2895.622576214698,1305.95853541291,23086.76884127485,2895.622576214698,1305.95853541291,2885.8461051593563,14.142420737102757,14.308292553604058,174.1937188628863,1708.8403820449146,34.11325965732071,334.6510772383162,794.2887327938462,7791.972468707631,254.33524580540657,0.34106865132996633,121.98617948124436,0.16358590640793833,60.31006384685311,0.08087700181990697,0.490184014986046,0.3011808991292366,478840.2877144335,229664.97268205945,113546.54457368606,90725.95373020515,52877.105538976466,7980.6714619072245,16799.56744618768,37848.84819122868,890.8128402404453,1214.1461735737787,3.377840315116018,1.6201051239826485,0.800981257725432,0.9688020521682575,0.373006247424856,1732.3014674798333,1882.7130553537088,567.0372108137822,922.8758445399268,937.7427981438193,4219.048520231426,-0.08357706401163284,1.567069806461861,0.23171862172728058,0.7004522663708241,-0.122989024728997,102.627855874957,30.226507554605718,127527.10197002326,1157555.6362753245
0.8,0.2,-5.551115123125783e-17,True,,3.128084182739258,-0.04583939163413098,0.9530126104948029,-0.09945865952397498,0.05361926788984403,-2.7283276792355e-17,0.796678544334958,0.1563340661598449,-3.611714190329023e-17,0.9958481804186975,0.7816703307992245,0.6506285872693808,0.49149182078198433,8.881784197001252e-15,10.000000000000007,13.577740162673464,1867.3478001506314,0.7000003134453658,0.9710032527684961,4.999999999999997,75.3019693769678,10.559555122005108,1.05595551220051,0.8772925636714133,1.509092520334183,61.90123667418621,52.457816959202596,250.00000000000006,2.2317379780863122,4.999999999999998,4.572,1268.8670595703954,1295.3002811179647,2865.4453884205695,1295.3002811179647,22898.35239934712,2865.4453884205695,1295.3002811179647,2862.29404991839,14.142421017362064,14.382100683101836,167.46882421367482,1642.8691655361501,32.62523296792685,320.0535354153624,772.300730240502,7576.270163659326,248.72632306591257,0.3335469737578501,121.27273921575625,0.16262916874311345,59.166926059774276,0.0793440311846785,0.49170801696374405,0.2979401674996353,464458.55221668707,226458.38279278364,110485.22921939456,89017.26661711276,52188.85687731458,7740.975870278117,16565.01133391658,36828.40973979819,908.522628159703,1231.8559614930364,3.339278824379622,1.628148902962601,0.79434641601115,0.9589144337471598,0.37521786132961665,1904.2797309467062,1867.3478001506314,556.3579163569547,918.1898837936768,900.5204898874548,4075.951360311706,-0.04583939163413095,1.5616130090637705,0.2680963394492201,0.7051031511602586,-0.12432332440496872,102.7447953929748,28.871027228807563,117676.9027068545,1117818.2666796872
0.9,0.0,0.09999999999999998,True,,3.6609840393066406,-0.054979963814156686,0.9704679055267112,-0.11103463058516388,0.0,0.0560546667710072,0.8987602840085829,0.0,0.0717076215181284,0.9986225377873142,0.7273905383229328,0.7170762151812842,0.5605466677100721,0.0,9.999999999999984,13.260989200450178,1890.3581730149479,0.7000001290934849,1.0287356376559478,4.999999999999997,76.4248224222594,10.321991900337634,1.032199190033765,0.8513768883030741,1.4694986500562721,63.714889292152776,52.457816959202596,250.00000000000009,2.4556080224181125,4.999999999999998,4.572,1294.9076773138863,1311.2616779615423,2911.1598251767623,1311.2616779615423,23180.5170965958,2911.1598251767623,1311.2616779615423,2897.564637074475,14.142420226987312,14.2665356829489,177.4259222857839,1740.5482976235403,34.83099306112758,341.69204192966157,830.1384189764314,8143.657890158793,256.9968896958824,0.3446379690199722,122.81885020231809,0.1647025344983126,60.94377369119843,0.08172681939537092,0.48893203010304676,0.3032766605000045,485816.17087603227,232171.6172802506,115205.5606915303,91728.24221773812,53326.38865389468,8096.936181267204,16982.92385661092,38401.85356384343,882.6614132796412,1205.9947466129745,3.3896032655091632,1.619891883534061,0.8038043361559305,0.973053156830425,0.37206522128135644,1674.0893726399158,1890.3581730149479,573.3015138608631,924.2566591540849,955.5345431102046,4275.304301120181,-0.1233718117612932,1.5695814506234536,0.21451589607666335,0.6974162066997786,-0.1233718117612932,102.66140375918891,30.867503131836546,131967.96890438144,1172846.7780372035
0.9,0.1,-2.7755575615628914e-17,True,,3.6364219188690186,-0.0858653822158621,0.9755520326590201,-0.11088404730580805,0.025018665089945963,-1.4286241623955857e-17,0.8991993447330497,0.07635268792597039,-1.8678836687297714e-17,0.999110383036722,0.7635268792597038,0.6729760155570267,0.5147160996333797,3.552713678800501e-15,9.999999999999998,13.461431047590443,1875.1344432728224,0.7000001391096189,0.9913637704850411,5.0,75.70463415448226,10.472323285692836,1.0472323285692837,0.8595585368008895,1.4945538809488053,62.546866770559845,52.45781695920257,250.00000000000006,2.3008219897994344,5.000000000000002,4.572,1277.3756746945544,1300.70161524042,2880.611566566668,1300.70161524042,22993.836110632983,2880.611566566668,1300.70161524042,2874.229513829123,14.142420269929676,14.345873700894115,170.98040046498969,1677.3177285615488,33.40176361881528,327.6713011005779,807.8516617568342,7925.0248018345455,251.66895051380942,0.33749309601802874,122.0748607932735,0.16370482982099563,59.85564666872465,0.08026761929569314,0.49036166713121404,0.3001600197754513,471913.11741076753,228906.7761312022,112237.38469289377,90054.46265190406,52642.00108760613,7865.218623512792,16744.10677256016,37412.461564297926,899.1445476536389,1222.4778809869722,3.3537970939911586,1.6267970782331003,0.7976498230977255,0.963802253927591,0.3741167256340913,1826.8983980030316,1875.1344432728224,562.8403915744003,919.4940516984221,920.0380254222108,4141.95331466096,-0.08586538221586208,1.5645026137014932,0.25018665089945963,0.7020409998878154,-0.12320449700645338,102.64674010668222,29.538365148572986,122346.52943679766,1136325.2585766502
1.0,0.0,0.0,True,,3.5654749870300293,-0.12289724204564212,1.0000062566441155,-0.12289724204564212,0.0,0.0,1.0000062566441155,0.0,0.0,1.0000062566441155,0.7470396576883238,0.6918783973862117,0.5343601580416228,-3.552713678800501e-15,10.000000000000012,13.36422132553521,1882.2425394913075,0.7000000505328603,1.0091236764551392,4.999999999999996,76.0498834552093,10.399415994151404,1.039941599415139,0.8438336561612436,1.4824026656919012,63.10463551441383,52.457816959202624,250.00000000000006,2.361486938061729,4.999999999999996,4.572,1285.419677711445,1305.6322366188876,2894.732976470961,1305.6322366188876,23080.999140512162,2894.732976470961,1305.6322366188876,2885.1248925640202,14.142419890172778,14.310139711802309,174.0434494944117,1707.3662395401789,34.08029537914815,334.32769766944335,841.418439852535,8254.31489495337,254.21233166214225,0.340903821005566,122.83633524265626,0.16472598228710691,60.459272547719436,0.08107709367194273,0.48917404026846045,0.3021387200381059,478489.2647177571,231207.77558894292,113799.01469601653,90991.73626930844,53058.73137063626,7974.821078629286,16912.420621783785,37933.00489867218,891.1971960716241,1214.5305294049574,3.3655048466489936,1.626224341284878,0.8004174048277463,0.9679337066175269,0.37319419839075124,1763.4346228849251,1882.2425394913078,568.6983516831776,920.7441878081302,936.9537259334302,4198.6006239889475,-0.12289724204564212,1.5669513774942712,0.23391185319897165,0.699224918081043,-0.12289724204564212,102.61981193779118,30.144784942634224,126565.91287015668,1151979.2400032028
